version;ns1:name;id;ns1:name2;ns1:homepage;ns1:version;ns1:mediadata;id3;ns1:firstname;ns1:lastname;id4;ns1:name5;ns1:model;id6;ns1:firstname7;id8;ns1:name9;id10;ns1:name11;ns1:location;ns1:latitude;ns1:longitude;ns1:notes;id12;ns1:name13;ns1:o2;ns1:he;id14;id15;ref;ns1:divenumber;ns1:datetime;ns1:leadquantity;ref16;ns1:tankvolume;ns1:tankpressurebegin;ns1:tankpressureend;ns1:depth;ns1:divetime;ref17;ns1:tankpressure;ns1:temperature;ns1:alarm;ns1:greatestdepth;ns1:averagedepth;ns1:diveduration;ns1:para;ns1:ratingvalue;ns1:visibility;ns1:divetrip
3.2.0;Subsurface Divelog;subsurface;Subsurface Team;http://subsurface-divelog.org/;3;;owner;;;88ef1a64;Suunto Vyper Air;Suunto Vyper Air;idm163612832;AS;allbase;Subsurface Divebase;1c6f1b2a;Särkijärvi, Multisilta, Tampere;Särkijärvi, Multisilta, Tampere;61.440997;23.768331;Ei siellä valtavasti asioita näkynyt, mutta kyllä uudestaan voisi;mix(21/0);air;0.21;0;idm392377936;idm392377936;idm163612832;85;13.9.2024 18:30;12;mix(21/0);15;19956000;10041000;;;;;;;9.26;4.097;3400;Oli se sukellus. Ei erityisen hyvä, mutta hyvää reeniä. Kuivis floodasi;4;;
3.2.0;Subsurface Divelog;subsurface;Subsurface Team;http://subsurface-divelog.org/;3;;owner;;;88ef1a64;Suunto Vyper Air;Suunto Vyper Air;idm163612832;AS;allbase;Subsurface Divebase;1c6f1b2a;Särkijärvi, Multisilta, Tampere;Särkijärvi, Multisilta, Tampere;61.440997;23.768331;Ei siellä valtavasti asioita näkynyt, mutta kyllä uudestaan voisi;mix(21/0);air;0.21;0;idm392377936;idm392377936;1c6f1b2a;85;13.9.2024 18:30;12;mix(21/0);15;19956000;10041000;;;;;;;9.26;4.097;3400;Oli se sukellus. Ei erityisen hyvä, mutta hyvää reeniä. Kuivis floodasi;4;;
3.2.0;Subsurface Divelog;subsurface;Subsurface Team;http://subsurface-divelog.org/;3;;owner;;;88ef1a64;Suunto Vyper Air;Suunto Vyper Air;idm163612832;AS;allbase;Subsurface Divebase;1c6f1b2a;Särkijärvi, Multisilta, Tampere;Särkijärvi, Multisilta, Tampere;61.440997;23.768331;Ei siellä valtavasti asioita näkynyt, mutta kyllä uudestaan voisi;mix(21/0);air;0.21;0;idm392377936;idm392377936;;;;;mix(21/0);15;19956000;10041000;1.24;0;mix(21/0);19956000;291.15;;9.26;4.097;3400;Oli se sukellus. Ei erityisen hyvä, mutta hyvää reeniä. Kuivis floodasi;4;;
3.2.0;Subsurface Divelog;subsurface;Subsurface Team;http://subsurface-divelog.org/;3;;owner;;;88ef1a64;Suunto Vyper Air;Suunto Vyper Air;idm163612832;AS;allbase;Subsurface Divebase;1c6f1b2a;Särkijärvi, Multisilta, Tampere;Särkijärvi, Multisilta, Tampere;61.440997;23.768331;Ei siellä valtavasti asioita näkynyt, mutta kyllä uudestaan voisi;mix(21/0);air;0.21;0;idm392377936;idm392377936;;;;;mix(21/0);15;19956000;10041000;1.72;20;;19862000;;;9.26;4.097;3400;Oli se sukellus. Ei erityisen hyvä, mutta hyvää reeniä. Kuivis floodasi;4;;
3.2.0;Subsurface Divelog;subsurface;Subsurface Team;http://subsurface-divelog.org/;3;;owner;;;88ef1a64;Suunto Vyper Air;Suunto Vyper Air;idm163612832;AS;allbase;Subsurface Divebase;1c6f1b2a;Särkijärvi, Multisilta, Tampere;Särkijärvi, Multisilta, Tampere;61.440997;23.768331;Ei siellä valtavasti asioita näkynyt, mutta kyllä uudestaan voisi;mix(21/0);air;0.21;0;idm392377936;idm392377936;;;;;mix(21/0);15;19956000;10041000;1.72;40;;19767000;;;9.26;4.097;3400;Oli se sukellus. Ei erityisen hyvä, mutta hyvää reeniä. Kuivis floodasi;4;;
3.2.0;Subsurface Divelog;subsurface;Subsurface Team;http://subsurface-divelog.org/;3;;owner;;;88ef1a64;Suunto Vyper Air;Suunto Vyper Air;idm163612832;AS;allbase;Subsurface Divebase;1c6f1b2a;Särkijärvi, Multisilta, Tampere;Särkijärvi, Multisilta, Tampere;61.440997;23.768331;Ei siellä valtavasti asioita näkynyt, mutta kyllä uudestaan voisi;mix(21/0);air;0.21;0;idm392377936;idm392377936;;;;;mix(21/0);15;19956000;10041000;2.04;60;;19678000;;;9.26;4.097;3400;Oli se sukellus. Ei erityisen hyvä, mutta hyvää reeniä. Kuivis floodasi;4;;
3.2.0;Subsurface Divelog;subsurface;Subsurface Team;http://subsurface-divelog.org/;3;;owner;;;88ef1a64;Suunto Vyper Air;Suunto Vyper Air;idm163612832;AS;allbase;Subsurface Divebase;1c6f1b2a;Särkijärvi, Multisilta, Tampere;Särkijärvi, Multisilta, Tampere;61.440997;23.768331;Ei siellä valtavasti asioita näkynyt, mutta kyllä uudestaan voisi;mix(21/0);air;0.21;0;idm392377936;idm392377936;;;;;mix(21/0);15;19956000;10041000;2.37;80;;19615000;;;9.26;4.097;3400;Oli se sukellus. Ei erityisen hyvä, mutta hyvää reeniä. Kuivis floodasi;4;;
3.2.0;Subsurface Divelog;subsurface;Subsurface Team;http://subsurface-divelog.org/;3;;owner;;;88ef1a64;Suunto Vyper Air;Suunto Vyper Air;idm163612832;AS;allbase;Subsurface Divebase;1c6f1b2a;Särkijärvi, Multisilta, Tampere;Särkijärvi, Multisilta, Tampere;61.440997;23.768331;Ei siellä valtavasti asioita näkynyt, mutta kyllä uudestaan voisi;mix(21/0);air;0.21;0;idm392377936;idm392377936;;;;;mix(21/0);15;19956000;10041000;2.39;100;;19566000;;;9.26;4.097;3400;Oli se sukellus. Ei erityisen hyvä, mutta hyvää reeniä. Kuivis floodasi;4;;
3.2.0;Subsurface Divelog;subsurface;Subsurface Team;http://subsurface-divelog.org/;3;;owner;;;88ef1a64;Suunto Vyper Air;Suunto Vyper Air;idm163612832;AS;allbase;Subsurface Divebase;1c6f1b2a;Särkijärvi, Multisilta, Tampere;Särkijärvi, Multisilta, Tampere;61.440997;23.768331;Ei siellä valtavasti asioita näkynyt, mutta kyllä uudestaan voisi;mix(21/0);air;0.21;0;idm392377936;idm392377936;;;;;mix(21/0);15;19956000;10041000;2.41;120;;19529000;;;9.26;4.097;3400;Oli se sukellus. Ei erityisen hyvä, mutta hyvää reeniä. Kuivis floodasi;4;;
3.2.0;Subsurface Divelog;subsurface;Subsurface Team;http://subsurface-divelog.org/;3;;owner;;;88ef1a64;Suunto Vyper Air;Suunto Vyper Air;idm163612832;AS;allbase;Subsurface Divebase;1c6f1b2a;Särkijärvi, Multisilta, Tampere;Särkijärvi, Multisilta, Tampere;61.440997;23.768331;Ei siellä valtavasti asioita näkynyt, mutta kyllä uudestaan voisi;mix(21/0);air;0.21;0;idm392377936;idm392377936;;;;;mix(21/0);15;19956000;10041000;2.62;140;;19463000;;;9.26;4.097;3400;Oli se sukellus. Ei erityisen hyvä, mutta hyvää reeniä. Kuivis floodasi;4;;
3.2.0;Subsurface Divelog;subsurface;Subsurface Team;http://subsurface-divelog.org/;3;;owner;;;88ef1a64;Suunto Vyper Air;Suunto Vyper Air;idm163612832;AS;allbase;Subsurface Divebase;1c6f1b2a;Särkijärvi, Multisilta, Tampere;Särkijärvi, Multisilta, Tampere;61.440997;23.768331;Ei siellä valtavasti asioita näkynyt, mutta kyllä uudestaan voisi;mix(21/0);air;0.21;0;idm392377936;idm392377936;;;;;mix(21/0);15;19956000;10041000;2.19;160;;19386000;;;9.26;4.097;3400;Oli se sukellus. Ei erityisen hyvä, mutta hyvää reeniä. Kuivis floodasi;4;;
3.2.0;Subsurface Divelog;subsurface;Subsurface Team;http://subsurface-divelog.org/;3;;owner;;;88ef1a64;Suunto Vyper Air;Suunto Vyper Air;idm163612832;AS;allbase;Subsurface Divebase;1c6f1b2a;Särkijärvi, Multisilta, Tampere;Särkijärvi, Multisilta, Tampere;61.440997;23.768331;Ei siellä valtavasti asioita näkynyt, mutta kyllä uudestaan voisi;mix(21/0);air;0.21;0;idm392377936;idm392377936;;;;;mix(21/0);15;19956000;10041000;2.16;180;;19304000;;;9.26;4.097;3400;Oli se sukellus. Ei erityisen hyvä, mutta hyvää reeniä. Kuivis floodasi;4;;
3.2.0;Subsurface Divelog;subsurface;Subsurface Team;http://subsurface-divelog.org/;3;;owner;;;88ef1a64;Suunto Vyper Air;Suunto Vyper Air;idm163612832;AS;allbase;Subsurface Divebase;1c6f1b2a;Särkijärvi, Multisilta, Tampere;Särkijärvi, Multisilta, Tampere;61.440997;23.768331;Ei siellä valtavasti asioita näkynyt, mutta kyllä uudestaan voisi;mix(21/0);air;0.21;0;idm392377936;idm392377936;;;;;mix(21/0);15;19956000;10041000;2.49;200;;19239000;;;9.26;4.097;3400;Oli se sukellus. Ei erityisen hyvä, mutta hyvää reeniä. Kuivis floodasi;4;;
3.2.0;Subsurface Divelog;subsurface;Subsurface Team;http://subsurface-divelog.org/;3;;owner;;;88ef1a64;Suunto Vyper Air;Suunto Vyper Air;idm163612832;AS;allbase;Subsurface Divebase;1c6f1b2a;Särkijärvi, Multisilta, Tampere;Särkijärvi, Multisilta, Tampere;61.440997;23.768331;Ei siellä valtavasti asioita näkynyt, mutta kyllä uudestaan voisi;mix(21/0);air;0.21;0;idm392377936;idm392377936;;;;;mix(21/0);15;19956000;10041000;2.6;220;;19190000;;;9.26;4.097;3400;Oli se sukellus. Ei erityisen hyvä, mutta hyvää reeniä. Kuivis floodasi;4;;
3.2.0;Subsurface Divelog;subsurface;Subsurface Team;http://subsurface-divelog.org/;3;;owner;;;88ef1a64;Suunto Vyper Air;Suunto Vyper Air;idm163612832;AS;allbase;Subsurface Divebase;1c6f1b2a;Särkijärvi, Multisilta, Tampere;Särkijärvi, Multisilta, Tampere;61.440997;23.768331;Ei siellä valtavasti asioita näkynyt, mutta kyllä uudestaan voisi;mix(21/0);air;0.21;0;idm392377936;idm392377936;;;;;mix(21/0);15;19956000;10041000;2.62;240;;19161000;;;9.26;4.097;3400;Oli se sukellus. Ei erityisen hyvä, mutta hyvää reeniä. Kuivis floodasi;4;;
3.2.0;Subsurface Divelog;subsurface;Subsurface Team;http://subsurface-divelog.org/;3;;owner;;;88ef1a64;Suunto Vyper Air;Suunto Vyper Air;idm163612832;AS;allbase;Subsurface Divebase;1c6f1b2a;Särkijärvi, Multisilta, Tampere;Särkijärvi, Multisilta, Tampere;61.440997;23.768331;Ei siellä valtavasti asioita näkynyt, mutta kyllä uudestaan voisi;mix(21/0);air;0.21;0;idm392377936;idm392377936;;;;;mix(21/0);15;19956000;10041000;2.85;260;;19128000;;;9.26;4.097;3400;Oli se sukellus. Ei erityisen hyvä, mutta hyvää reeniä. Kuivis floodasi;4;;
3.2.0;Subsurface Divelog;subsurface;Subsurface Team;http://subsurface-divelog.org/;3;;owner;;;88ef1a64;Suunto Vyper Air;Suunto Vyper Air;idm163612832;AS;allbase;Subsurface Divebase;1c6f1b2a;Särkijärvi, Multisilta, Tampere;Särkijärvi, Multisilta, Tampere;61.440997;23.768331;Ei siellä valtavasti asioita näkynyt, mutta kyllä uudestaan voisi;mix(21/0);air;0.21;0;idm392377936;idm392377936;;;;;mix(21/0);15;19956000;10041000;2.52;280;;19053000;;;9.26;4.097;3400;Oli se sukellus. Ei erityisen hyvä, mutta hyvää reeniä. Kuivis floodasi;4;;
3.2.0;Subsurface Divelog;subsurface;Subsurface Team;http://subsurface-divelog.org/;3;;owner;;;88ef1a64;Suunto Vyper Air;Suunto Vyper Air;idm163612832;AS;allbase;Subsurface Divebase;1c6f1b2a;Särkijärvi, Multisilta, Tampere;Särkijärvi, Multisilta, Tampere;61.440997;23.768331;Ei siellä valtavasti asioita näkynyt, mutta kyllä uudestaan voisi;mix(21/0);air;0.21;0;idm392377936;idm392377936;;;;;mix(21/0);15;19956000;10041000;2.72;300;;19026000;;;9.26;4.097;3400;Oli se sukellus. Ei erityisen hyvä, mutta hyvää reeniä. Kuivis floodasi;4;;
3.2.0;Subsurface Divelog;subsurface;Subsurface Team;http://subsurface-divelog.org/;3;;owner;;;88ef1a64;Suunto Vyper Air;Suunto Vyper Air;idm163612832;AS;allbase;Subsurface Divebase;1c6f1b2a;Särkijärvi, Multisilta, Tampere;Särkijärvi, Multisilta, Tampere;61.440997;23.768331;Ei siellä valtavasti asioita näkynyt, mutta kyllä uudestaan voisi;mix(21/0);air;0.21;0;idm392377936;idm392377936;;;;;mix(21/0);15;19956000;10041000;2.23;320;;18907000;;;9.26;4.097;3400;Oli se sukellus. Ei erityisen hyvä, mutta hyvää reeniä. Kuivis floodasi;4;;
3.2.0;Subsurface Divelog;subsurface;Subsurface Team;http://subsurface-divelog.org/;3;;owner;;;88ef1a64;Suunto Vyper Air;Suunto Vyper Air;idm163612832;AS;allbase;Subsurface Divebase;1c6f1b2a;Särkijärvi, Multisilta, Tampere;Särkijärvi, Multisilta, Tampere;61.440997;23.768331;Ei siellä valtavasti asioita näkynyt, mutta kyllä uudestaan voisi;mix(21/0);air;0.21;0;idm392377936;idm392377936;;;;;mix(21/0);15;19956000;10041000;1.28;333;;;;surface;9.26;4.097;3400;Oli se sukellus. Ei erityisen hyvä, mutta hyvää reeniä. Kuivis floodasi;4;;
3.2.0;Subsurface Divelog;subsurface;Subsurface Team;http://subsurface-divelog.org/;3;;owner;;;88ef1a64;Suunto Vyper Air;Suunto Vyper Air;idm163612832;AS;allbase;Subsurface Divebase;1c6f1b2a;Särkijärvi, Multisilta, Tampere;Särkijärvi, Multisilta, Tampere;61.440997;23.768331;Ei siellä valtavasti asioita näkynyt, mutta kyllä uudestaan voisi;mix(21/0);air;0.21;0;idm392377936;idm392377936;;;;;mix(21/0);15;19956000;10041000;0.77;340;;18898000;;;9.26;4.097;3400;Oli se sukellus. Ei erityisen hyvä, mutta hyvää reeniä. Kuivis floodasi;4;;
3.2.0;Subsurface Divelog;subsurface;Subsurface Team;http://subsurface-divelog.org/;3;;owner;;;88ef1a64;Suunto Vyper Air;Suunto Vyper Air;idm163612832;AS;allbase;Subsurface Divebase;1c6f1b2a;Särkijärvi, Multisilta, Tampere;Särkijärvi, Multisilta, Tampere;61.440997;23.768331;Ei siellä valtavasti asioita näkynyt, mutta kyllä uudestaan voisi;mix(21/0);air;0.21;0;idm392377936;idm392377936;;;;;mix(21/0);15;19956000;10041000;2.71;360;;18830000;;;9.26;4.097;3400;Oli se sukellus. Ei erityisen hyvä, mutta hyvää reeniä. Kuivis floodasi;4;;
3.2.0;Subsurface Divelog;subsurface;Subsurface Team;http://subsurface-divelog.org/;3;;owner;;;88ef1a64;Suunto Vyper Air;Suunto Vyper Air;idm163612832;AS;allbase;Subsurface Divebase;1c6f1b2a;Särkijärvi, Multisilta, Tampere;Särkijärvi, Multisilta, Tampere;61.440997;23.768331;Ei siellä valtavasti asioita näkynyt, mutta kyllä uudestaan voisi;mix(21/0);air;0.21;0;idm392377936;idm392377936;;;;;mix(21/0);15;19956000;10041000;2.27;380;;18733000;;;9.26;4.097;3400;Oli se sukellus. Ei erityisen hyvä, mutta hyvää reeniä. Kuivis floodasi;4;;
3.2.0;Subsurface Divelog;subsurface;Subsurface Team;http://subsurface-divelog.org/;3;;owner;;;88ef1a64;Suunto Vyper Air;Suunto Vyper Air;idm163612832;AS;allbase;Subsurface Divebase;1c6f1b2a;Särkijärvi, Multisilta, Tampere;Särkijärvi, Multisilta, Tampere;61.440997;23.768331;Ei siellä valtavasti asioita näkynyt, mutta kyllä uudestaan voisi;mix(21/0);air;0.21;0;idm392377936;idm392377936;;;;;mix(21/0);15;19956000;10041000;2.01;400;;18692000;;;9.26;4.097;3400;Oli se sukellus. Ei erityisen hyvä, mutta hyvää reeniä. Kuivis floodasi;4;;
3.2.0;Subsurface Divelog;subsurface;Subsurface Team;http://subsurface-divelog.org/;3;;owner;;;88ef1a64;Suunto Vyper Air;Suunto Vyper Air;idm163612832;AS;allbase;Subsurface Divebase;1c6f1b2a;Särkijärvi, Multisilta, Tampere;Särkijärvi, Multisilta, Tampere;61.440997;23.768331;Ei siellä valtavasti asioita näkynyt, mutta kyllä uudestaan voisi;mix(21/0);air;0.21;0;idm392377936;idm392377936;;;;;mix(21/0);15;19956000;10041000;2.57;420;;18624000;;;9.26;4.097;3400;Oli se sukellus. Ei erityisen hyvä, mutta hyvää reeniä. Kuivis floodasi;4;;
3.2.0;Subsurface Divelog;subsurface;Subsurface Team;http://subsurface-divelog.org/;3;;owner;;;88ef1a64;Suunto Vyper Air;Suunto Vyper Air;idm163612832;AS;allbase;Subsurface Divebase;1c6f1b2a;Särkijärvi, Multisilta, Tampere;Särkijärvi, Multisilta, Tampere;61.440997;23.768331;Ei siellä valtavasti asioita näkynyt, mutta kyllä uudestaan voisi;mix(21/0);air;0.21;0;idm392377936;idm392377936;;;;;mix(21/0);15;19956000;10041000;2.75;440;;18591000;;;9.26;4.097;3400;Oli se sukellus. Ei erityisen hyvä, mutta hyvää reeniä. Kuivis floodasi;4;;
3.2.0;Subsurface Divelog;subsurface;Subsurface Team;http://subsurface-divelog.org/;3;;owner;;;88ef1a64;Suunto Vyper Air;Suunto Vyper Air;idm163612832;AS;allbase;Subsurface Divebase;1c6f1b2a;Särkijärvi, Multisilta, Tampere;Särkijärvi, Multisilta, Tampere;61.440997;23.768331;Ei siellä valtavasti asioita näkynyt, mutta kyllä uudestaan voisi;mix(21/0);air;0.21;0;idm392377936;idm392377936;;;;;mix(21/0);15;19956000;10041000;2.54;460;;18576000;;;9.26;4.097;3400;Oli se sukellus. Ei erityisen hyvä, mutta hyvää reeniä. Kuivis floodasi;4;;
3.2.0;Subsurface Divelog;subsurface;Subsurface Team;http://subsurface-divelog.org/;3;;owner;;;88ef1a64;Suunto Vyper Air;Suunto Vyper Air;idm163612832;AS;allbase;Subsurface Divebase;1c6f1b2a;Särkijärvi, Multisilta, Tampere;Särkijärvi, Multisilta, Tampere;61.440997;23.768331;Ei siellä valtavasti asioita näkynyt, mutta kyllä uudestaan voisi;mix(21/0);air;0.21;0;idm392377936;idm392377936;;;;;mix(21/0);15;19956000;10041000;2.38;480;;18500000;;;9.26;4.097;3400;Oli se sukellus. Ei erityisen hyvä, mutta hyvää reeniä. Kuivis floodasi;4;;
3.2.0;Subsurface Divelog;subsurface;Subsurface Team;http://subsurface-divelog.org/;3;;owner;;;88ef1a64;Suunto Vyper Air;Suunto Vyper Air;idm163612832;AS;allbase;Subsurface Divebase;1c6f1b2a;Särkijärvi, Multisilta, Tampere;Särkijärvi, Multisilta, Tampere;61.440997;23.768331;Ei siellä valtavasti asioita näkynyt, mutta kyllä uudestaan voisi;mix(21/0);air;0.21;0;idm392377936;idm392377936;;;;;mix(21/0);15;19956000;10041000;2.75;500;;18424000;;;9.26;4.097;3400;Oli se sukellus. Ei erityisen hyvä, mutta hyvää reeniä. Kuivis floodasi;4;;
3.2.0;Subsurface Divelog;subsurface;Subsurface Team;http://subsurface-divelog.org/;3;;owner;;;88ef1a64;Suunto Vyper Air;Suunto Vyper Air;idm163612832;AS;allbase;Subsurface Divebase;1c6f1b2a;Särkijärvi, Multisilta, Tampere;Särkijärvi, Multisilta, Tampere;61.440997;23.768331;Ei siellä valtavasti asioita näkynyt, mutta kyllä uudestaan voisi;mix(21/0);air;0.21;0;idm392377936;idm392377936;;;;;mix(21/0);15;19956000;10041000;2.89;520;;18390000;;;9.26;4.097;3400;Oli se sukellus. Ei erityisen hyvä, mutta hyvää reeniä. Kuivis floodasi;4;;
3.2.0;Subsurface Divelog;subsurface;Subsurface Team;http://subsurface-divelog.org/;3;;owner;;;88ef1a64;Suunto Vyper Air;Suunto Vyper Air;idm163612832;AS;allbase;Subsurface Divebase;1c6f1b2a;Särkijärvi, Multisilta, Tampere;Särkijärvi, Multisilta, Tampere;61.440997;23.768331;Ei siellä valtavasti asioita näkynyt, mutta kyllä uudestaan voisi;mix(21/0);air;0.21;0;idm392377936;idm392377936;;;;;mix(21/0);15;19956000;10041000;2.46;540;;18326000;;;9.26;4.097;3400;Oli se sukellus. Ei erityisen hyvä, mutta hyvää reeniä. Kuivis floodasi;4;;
3.2.0;Subsurface Divelog;subsurface;Subsurface Team;http://subsurface-divelog.org/;3;;owner;;;88ef1a64;Suunto Vyper Air;Suunto Vyper Air;idm163612832;AS;allbase;Subsurface Divebase;1c6f1b2a;Särkijärvi, Multisilta, Tampere;Särkijärvi, Multisilta, Tampere;61.440997;23.768331;Ei siellä valtavasti asioita näkynyt, mutta kyllä uudestaan voisi;mix(21/0);air;0.21;0;idm392377936;idm392377936;;;;;mix(21/0);15;19956000;10041000;2.67;560;;18275000;;;9.26;4.097;3400;Oli se sukellus. Ei erityisen hyvä, mutta hyvää reeniä. Kuivis floodasi;4;;
3.2.0;Subsurface Divelog;subsurface;Subsurface Team;http://subsurface-divelog.org/;3;;owner;;;88ef1a64;Suunto Vyper Air;Suunto Vyper Air;idm163612832;AS;allbase;Subsurface Divebase;1c6f1b2a;Särkijärvi, Multisilta, Tampere;Särkijärvi, Multisilta, Tampere;61.440997;23.768331;Ei siellä valtavasti asioita näkynyt, mutta kyllä uudestaan voisi;mix(21/0);air;0.21;0;idm392377936;idm392377936;;;;;mix(21/0);15;19956000;10041000;2.72;580;;18207000;;;9.26;4.097;3400;Oli se sukellus. Ei erityisen hyvä, mutta hyvää reeniä. Kuivis floodasi;4;;
3.2.0;Subsurface Divelog;subsurface;Subsurface Team;http://subsurface-divelog.org/;3;;owner;;;88ef1a64;Suunto Vyper Air;Suunto Vyper Air;idm163612832;AS;allbase;Subsurface Divebase;1c6f1b2a;Särkijärvi, Multisilta, Tampere;Särkijärvi, Multisilta, Tampere;61.440997;23.768331;Ei siellä valtavasti asioita näkynyt, mutta kyllä uudestaan voisi;mix(21/0);air;0.21;0;idm392377936;idm392377936;;;;;mix(21/0);15;19956000;10041000;2.73;600;;18156000;;;9.26;4.097;3400;Oli se sukellus. Ei erityisen hyvä, mutta hyvää reeniä. Kuivis floodasi;4;;
3.2.0;Subsurface Divelog;subsurface;Subsurface Team;http://subsurface-divelog.org/;3;;owner;;;88ef1a64;Suunto Vyper Air;Suunto Vyper Air;idm163612832;AS;allbase;Subsurface Divebase;1c6f1b2a;Särkijärvi, Multisilta, Tampere;Särkijärvi, Multisilta, Tampere;61.440997;23.768331;Ei siellä valtavasti asioita näkynyt, mutta kyllä uudestaan voisi;mix(21/0);air;0.21;0;idm392377936;idm392377936;;;;;mix(21/0);15;19956000;10041000;2.75;620;;18130000;;;9.26;4.097;3400;Oli se sukellus. Ei erityisen hyvä, mutta hyvää reeniä. Kuivis floodasi;4;;
3.2.0;Subsurface Divelog;subsurface;Subsurface Team;http://subsurface-divelog.org/;3;;owner;;;88ef1a64;Suunto Vyper Air;Suunto Vyper Air;idm163612832;AS;allbase;Subsurface Divebase;1c6f1b2a;Särkijärvi, Multisilta, Tampere;Särkijärvi, Multisilta, Tampere;61.440997;23.768331;Ei siellä valtavasti asioita näkynyt, mutta kyllä uudestaan voisi;mix(21/0);air;0.21;0;idm392377936;idm392377936;;;;;mix(21/0);15;19956000;10041000;2.88;640;;18060000;;;9.26;4.097;3400;Oli se sukellus. Ei erityisen hyvä, mutta hyvää reeniä. Kuivis floodasi;4;;
3.2.0;Subsurface Divelog;subsurface;Subsurface Team;http://subsurface-divelog.org/;3;;owner;;;88ef1a64;Suunto Vyper Air;Suunto Vyper Air;idm163612832;AS;allbase;Subsurface Divebase;1c6f1b2a;Särkijärvi, Multisilta, Tampere;Särkijärvi, Multisilta, Tampere;61.440997;23.768331;Ei siellä valtavasti asioita näkynyt, mutta kyllä uudestaan voisi;mix(21/0);air;0.21;0;idm392377936;idm392377936;;;;;mix(21/0);15;19956000;10041000;2.82;647;;;;;9.26;4.097;3400;Oli se sukellus. Ei erityisen hyvä, mutta hyvää reeniä. Kuivis floodasi;4;;
3.2.0;Subsurface Divelog;subsurface;Subsurface Team;http://subsurface-divelog.org/;3;;owner;;;88ef1a64;Suunto Vyper Air;Suunto Vyper Air;idm163612832;AS;allbase;Subsurface Divebase;1c6f1b2a;Särkijärvi, Multisilta, Tampere;Särkijärvi, Multisilta, Tampere;61.440997;23.768331;Ei siellä valtavasti asioita näkynyt, mutta kyllä uudestaan voisi;mix(21/0);air;0.21;0;idm392377936;idm392377936;;;;;mix(21/0);15;19956000;10041000;2.72;660;;17976000;;;9.26;4.097;3400;Oli se sukellus. Ei erityisen hyvä, mutta hyvää reeniä. Kuivis floodasi;4;;
3.2.0;Subsurface Divelog;subsurface;Subsurface Team;http://subsurface-divelog.org/;3;;owner;;;88ef1a64;Suunto Vyper Air;Suunto Vyper Air;idm163612832;AS;allbase;Subsurface Divebase;1c6f1b2a;Särkijärvi, Multisilta, Tampere;Särkijärvi, Multisilta, Tampere;61.440997;23.768331;Ei siellä valtavasti asioita näkynyt, mutta kyllä uudestaan voisi;mix(21/0);air;0.21;0;idm392377936;idm392377936;;;;;mix(21/0);15;19956000;10041000;2.63;680;;17951000;;;9.26;4.097;3400;Oli se sukellus. Ei erityisen hyvä, mutta hyvää reeniä. Kuivis floodasi;4;;
3.2.0;Subsurface Divelog;subsurface;Subsurface Team;http://subsurface-divelog.org/;3;;owner;;;88ef1a64;Suunto Vyper Air;Suunto Vyper Air;idm163612832;AS;allbase;Subsurface Divebase;1c6f1b2a;Särkijärvi, Multisilta, Tampere;Särkijärvi, Multisilta, Tampere;61.440997;23.768331;Ei siellä valtavasti asioita näkynyt, mutta kyllä uudestaan voisi;mix(21/0);air;0.21;0;idm392377936;idm392377936;;;;;mix(21/0);15;19956000;10041000;3.2;700;;17900000;;;9.26;4.097;3400;Oli se sukellus. Ei erityisen hyvä, mutta hyvää reeniä. Kuivis floodasi;4;;
3.2.0;Subsurface Divelog;subsurface;Subsurface Team;http://subsurface-divelog.org/;3;;owner;;;88ef1a64;Suunto Vyper Air;Suunto Vyper Air;idm163612832;AS;allbase;Subsurface Divebase;1c6f1b2a;Särkijärvi, Multisilta, Tampere;Särkijärvi, Multisilta, Tampere;61.440997;23.768331;Ei siellä valtavasti asioita näkynyt, mutta kyllä uudestaan voisi;mix(21/0);air;0.21;0;idm392377936;idm392377936;;;;;mix(21/0);15;19956000;10041000;3.04;720;;17826000;;;9.26;4.097;3400;Oli se sukellus. Ei erityisen hyvä, mutta hyvää reeniä. Kuivis floodasi;4;;
3.2.0;Subsurface Divelog;subsurface;Subsurface Team;http://subsurface-divelog.org/;3;;owner;;;88ef1a64;Suunto Vyper Air;Suunto Vyper Air;idm163612832;AS;allbase;Subsurface Divebase;1c6f1b2a;Särkijärvi, Multisilta, Tampere;Särkijärvi, Multisilta, Tampere;61.440997;23.768331;Ei siellä valtavasti asioita näkynyt, mutta kyllä uudestaan voisi;mix(21/0);air;0.21;0;idm392377936;idm392377936;;;;;mix(21/0);15;19956000;10041000;2.88;740;;17772000;;;9.26;4.097;3400;Oli se sukellus. Ei erityisen hyvä, mutta hyvää reeniä. Kuivis floodasi;4;;
3.2.0;Subsurface Divelog;subsurface;Subsurface Team;http://subsurface-divelog.org/;3;;owner;;;88ef1a64;Suunto Vyper Air;Suunto Vyper Air;idm163612832;AS;allbase;Subsurface Divebase;1c6f1b2a;Särkijärvi, Multisilta, Tampere;Särkijärvi, Multisilta, Tampere;61.440997;23.768331;Ei siellä valtavasti asioita näkynyt, mutta kyllä uudestaan voisi;mix(21/0);air;0.21;0;idm392377936;idm392377936;;;;;mix(21/0);15;19956000;10041000;3.02;760;;17746000;;;9.26;4.097;3400;Oli se sukellus. Ei erityisen hyvä, mutta hyvää reeniä. Kuivis floodasi;4;;
3.2.0;Subsurface Divelog;subsurface;Subsurface Team;http://subsurface-divelog.org/;3;;owner;;;88ef1a64;Suunto Vyper Air;Suunto Vyper Air;idm163612832;AS;allbase;Subsurface Divebase;1c6f1b2a;Särkijärvi, Multisilta, Tampere;Särkijärvi, Multisilta, Tampere;61.440997;23.768331;Ei siellä valtavasti asioita näkynyt, mutta kyllä uudestaan voisi;mix(21/0);air;0.21;0;idm392377936;idm392377936;;;;;mix(21/0);15;19956000;10041000;3.28;780;;17676000;;;9.26;4.097;3400;Oli se sukellus. Ei erityisen hyvä, mutta hyvää reeniä. Kuivis floodasi;4;;
3.2.0;Subsurface Divelog;subsurface;Subsurface Team;http://subsurface-divelog.org/;3;;owner;;;88ef1a64;Suunto Vyper Air;Suunto Vyper Air;idm163612832;AS;allbase;Subsurface Divebase;1c6f1b2a;Särkijärvi, Multisilta, Tampere;Särkijärvi, Multisilta, Tampere;61.440997;23.768331;Ei siellä valtavasti asioita näkynyt, mutta kyllä uudestaan voisi;mix(21/0);air;0.21;0;idm392377936;idm392377936;;;;;mix(21/0);15;19956000;10041000;3.13;800;;17625000;;;9.26;4.097;3400;Oli se sukellus. Ei erityisen hyvä, mutta hyvää reeniä. Kuivis floodasi;4;;
3.2.0;Subsurface Divelog;subsurface;Subsurface Team;http://subsurface-divelog.org/;3;;owner;;;88ef1a64;Suunto Vyper Air;Suunto Vyper Air;idm163612832;AS;allbase;Subsurface Divebase;1c6f1b2a;Särkijärvi, Multisilta, Tampere;Särkijärvi, Multisilta, Tampere;61.440997;23.768331;Ei siellä valtavasti asioita näkynyt, mutta kyllä uudestaan voisi;mix(21/0);air;0.21;0;idm392377936;idm392377936;;;;;mix(21/0);15;19956000;10041000;3.23;820;;17555000;;;9.26;4.097;3400;Oli se sukellus. Ei erityisen hyvä, mutta hyvää reeniä. Kuivis floodasi;4;;
3.2.0;Subsurface Divelog;subsurface;Subsurface Team;http://subsurface-divelog.org/;3;;owner;;;88ef1a64;Suunto Vyper Air;Suunto Vyper Air;idm163612832;AS;allbase;Subsurface Divebase;1c6f1b2a;Särkijärvi, Multisilta, Tampere;Särkijärvi, Multisilta, Tampere;61.440997;23.768331;Ei siellä valtavasti asioita näkynyt, mutta kyllä uudestaan voisi;mix(21/0);air;0.21;0;idm392377936;idm392377936;;;;;mix(21/0);15;19956000;10041000;3.4;840;;17507000;;;9.26;4.097;3400;Oli se sukellus. Ei erityisen hyvä, mutta hyvää reeniä. Kuivis floodasi;4;;
3.2.0;Subsurface Divelog;subsurface;Subsurface Team;http://subsurface-divelog.org/;3;;owner;;;88ef1a64;Suunto Vyper Air;Suunto Vyper Air;idm163612832;AS;allbase;Subsurface Divebase;1c6f1b2a;Särkijärvi, Multisilta, Tampere;Särkijärvi, Multisilta, Tampere;61.440997;23.768331;Ei siellä valtavasti asioita näkynyt, mutta kyllä uudestaan voisi;mix(21/0);air;0.21;0;idm392377936;idm392377936;;;;;mix(21/0);15;19956000;10041000;3.13;860;;17457000;;;9.26;4.097;3400;Oli se sukellus. Ei erityisen hyvä, mutta hyvää reeniä. Kuivis floodasi;4;;
3.2.0;Subsurface Divelog;subsurface;Subsurface Team;http://subsurface-divelog.org/;3;;owner;;;88ef1a64;Suunto Vyper Air;Suunto Vyper Air;idm163612832;AS;allbase;Subsurface Divebase;1c6f1b2a;Särkijärvi, Multisilta, Tampere;Särkijärvi, Multisilta, Tampere;61.440997;23.768331;Ei siellä valtavasti asioita näkynyt, mutta kyllä uudestaan voisi;mix(21/0);air;0.21;0;idm392377936;idm392377936;;;;;mix(21/0);15;19956000;10041000;2.99;880;;17384000;;;9.26;4.097;3400;Oli se sukellus. Ei erityisen hyvä, mutta hyvää reeniä. Kuivis floodasi;4;;
3.2.0;Subsurface Divelog;subsurface;Subsurface Team;http://subsurface-divelog.org/;3;;owner;;;88ef1a64;Suunto Vyper Air;Suunto Vyper Air;idm163612832;AS;allbase;Subsurface Divebase;1c6f1b2a;Särkijärvi, Multisilta, Tampere;Särkijärvi, Multisilta, Tampere;61.440997;23.768331;Ei siellä valtavasti asioita näkynyt, mutta kyllä uudestaan voisi;mix(21/0);air;0.21;0;idm392377936;idm392377936;;;;;mix(21/0);15;19956000;10041000;3.38;900;;17336000;;;9.26;4.097;3400;Oli se sukellus. Ei erityisen hyvä, mutta hyvää reeniä. Kuivis floodasi;4;;
3.2.0;Subsurface Divelog;subsurface;Subsurface Team;http://subsurface-divelog.org/;3;;owner;;;88ef1a64;Suunto Vyper Air;Suunto Vyper Air;idm163612832;AS;allbase;Subsurface Divebase;1c6f1b2a;Särkijärvi, Multisilta, Tampere;Särkijärvi, Multisilta, Tampere;61.440997;23.768331;Ei siellä valtavasti asioita näkynyt, mutta kyllä uudestaan voisi;mix(21/0);air;0.21;0;idm392377936;idm392377936;;;;;mix(21/0);15;19956000;10041000;3.68;920;;17289000;;;9.26;4.097;3400;Oli se sukellus. Ei erityisen hyvä, mutta hyvää reeniä. Kuivis floodasi;4;;
3.2.0;Subsurface Divelog;subsurface;Subsurface Team;http://subsurface-divelog.org/;3;;owner;;;88ef1a64;Suunto Vyper Air;Suunto Vyper Air;idm163612832;AS;allbase;Subsurface Divebase;1c6f1b2a;Särkijärvi, Multisilta, Tampere;Särkijärvi, Multisilta, Tampere;61.440997;23.768331;Ei siellä valtavasti asioita näkynyt, mutta kyllä uudestaan voisi;mix(21/0);air;0.21;0;idm392377936;idm392377936;;;;;mix(21/0);15;19956000;10041000;3.28;940;;17191000;;;9.26;4.097;3400;Oli se sukellus. Ei erityisen hyvä, mutta hyvää reeniä. Kuivis floodasi;4;;
3.2.0;Subsurface Divelog;subsurface;Subsurface Team;http://subsurface-divelog.org/;3;;owner;;;88ef1a64;Suunto Vyper Air;Suunto Vyper Air;idm163612832;AS;allbase;Subsurface Divebase;1c6f1b2a;Särkijärvi, Multisilta, Tampere;Särkijärvi, Multisilta, Tampere;61.440997;23.768331;Ei siellä valtavasti asioita näkynyt, mutta kyllä uudestaan voisi;mix(21/0);air;0.21;0;idm392377936;idm392377936;;;;;mix(21/0);15;19956000;10041000;3.42;960;;17140000;;;9.26;4.097;3400;Oli se sukellus. Ei erityisen hyvä, mutta hyvää reeniä. Kuivis floodasi;4;;
3.2.0;Subsurface Divelog;subsurface;Subsurface Team;http://subsurface-divelog.org/;3;;owner;;;88ef1a64;Suunto Vyper Air;Suunto Vyper Air;idm163612832;AS;allbase;Subsurface Divebase;1c6f1b2a;Särkijärvi, Multisilta, Tampere;Särkijärvi, Multisilta, Tampere;61.440997;23.768331;Ei siellä valtavasti asioita näkynyt, mutta kyllä uudestaan voisi;mix(21/0);air;0.21;0;idm392377936;idm392377936;;;;;mix(21/0);15;19956000;10041000;3.05;980;;17132000;;;9.26;4.097;3400;Oli se sukellus. Ei erityisen hyvä, mutta hyvää reeniä. Kuivis floodasi;4;;
3.2.0;Subsurface Divelog;subsurface;Subsurface Team;http://subsurface-divelog.org/;3;;owner;;;88ef1a64;Suunto Vyper Air;Suunto Vyper Air;idm163612832;AS;allbase;Subsurface Divebase;1c6f1b2a;Särkijärvi, Multisilta, Tampere;Särkijärvi, Multisilta, Tampere;61.440997;23.768331;Ei siellä valtavasti asioita näkynyt, mutta kyllä uudestaan voisi;mix(21/0);air;0.21;0;idm392377936;idm392377936;;;;;mix(21/0);15;19956000;10041000;3.03;1000;;17055000;;;9.26;4.097;3400;Oli se sukellus. Ei erityisen hyvä, mutta hyvää reeniä. Kuivis floodasi;4;;
3.2.0;Subsurface Divelog;subsurface;Subsurface Team;http://subsurface-divelog.org/;3;;owner;;;88ef1a64;Suunto Vyper Air;Suunto Vyper Air;idm163612832;AS;allbase;Subsurface Divebase;1c6f1b2a;Särkijärvi, Multisilta, Tampere;Särkijärvi, Multisilta, Tampere;61.440997;23.768331;Ei siellä valtavasti asioita näkynyt, mutta kyllä uudestaan voisi;mix(21/0);air;0.21;0;idm392377936;idm392377936;;;;;mix(21/0);15;19956000;10041000;3.81;1020;;16986000;;;9.26;4.097;3400;Oli se sukellus. Ei erityisen hyvä, mutta hyvää reeniä. Kuivis floodasi;4;;
3.2.0;Subsurface Divelog;subsurface;Subsurface Team;http://subsurface-divelog.org/;3;;owner;;;88ef1a64;Suunto Vyper Air;Suunto Vyper Air;idm163612832;AS;allbase;Subsurface Divebase;1c6f1b2a;Särkijärvi, Multisilta, Tampere;Särkijärvi, Multisilta, Tampere;61.440997;23.768331;Ei siellä valtavasti asioita näkynyt, mutta kyllä uudestaan voisi;mix(21/0);air;0.21;0;idm392377936;idm392377936;;;;;mix(21/0);15;19956000;10041000;3.64;1040;;16929000;;;9.26;4.097;3400;Oli se sukellus. Ei erityisen hyvä, mutta hyvää reeniä. Kuivis floodasi;4;;
3.2.0;Subsurface Divelog;subsurface;Subsurface Team;http://subsurface-divelog.org/;3;;owner;;;88ef1a64;Suunto Vyper Air;Suunto Vyper Air;idm163612832;AS;allbase;Subsurface Divebase;1c6f1b2a;Särkijärvi, Multisilta, Tampere;Särkijärvi, Multisilta, Tampere;61.440997;23.768331;Ei siellä valtavasti asioita näkynyt, mutta kyllä uudestaan voisi;mix(21/0);air;0.21;0;idm392377936;idm392377936;;;;;mix(21/0);15;19956000;10041000;3.42;1060;;16901000;;;9.26;4.097;3400;Oli se sukellus. Ei erityisen hyvä, mutta hyvää reeniä. Kuivis floodasi;4;;
3.2.0;Subsurface Divelog;subsurface;Subsurface Team;http://subsurface-divelog.org/;3;;owner;;;88ef1a64;Suunto Vyper Air;Suunto Vyper Air;idm163612832;AS;allbase;Subsurface Divebase;1c6f1b2a;Särkijärvi, Multisilta, Tampere;Särkijärvi, Multisilta, Tampere;61.440997;23.768331;Ei siellä valtavasti asioita näkynyt, mutta kyllä uudestaan voisi;mix(21/0);air;0.21;0;idm392377936;idm392377936;;;;;mix(21/0);15;19956000;10041000;3.28;1080;;16804000;;;9.26;4.097;3400;Oli se sukellus. Ei erityisen hyvä, mutta hyvää reeniä. Kuivis floodasi;4;;
3.2.0;Subsurface Divelog;subsurface;Subsurface Team;http://subsurface-divelog.org/;3;;owner;;;88ef1a64;Suunto Vyper Air;Suunto Vyper Air;idm163612832;AS;allbase;Subsurface Divebase;1c6f1b2a;Särkijärvi, Multisilta, Tampere;Särkijärvi, Multisilta, Tampere;61.440997;23.768331;Ei siellä valtavasti asioita näkynyt, mutta kyllä uudestaan voisi;mix(21/0);air;0.21;0;idm392377936;idm392377936;;;;;mix(21/0);15;19956000;10041000;3.62;1100;;16773000;;;9.26;4.097;3400;Oli se sukellus. Ei erityisen hyvä, mutta hyvää reeniä. Kuivis floodasi;4;;
3.2.0;Subsurface Divelog;subsurface;Subsurface Team;http://subsurface-divelog.org/;3;;owner;;;88ef1a64;Suunto Vyper Air;Suunto Vyper Air;idm163612832;AS;allbase;Subsurface Divebase;1c6f1b2a;Särkijärvi, Multisilta, Tampere;Särkijärvi, Multisilta, Tampere;61.440997;23.768331;Ei siellä valtavasti asioita näkynyt, mutta kyllä uudestaan voisi;mix(21/0);air;0.21;0;idm392377936;idm392377936;;;;;mix(21/0);15;19956000;10041000;3.51;1120;;16739000;;;9.26;4.097;3400;Oli se sukellus. Ei erityisen hyvä, mutta hyvää reeniä. Kuivis floodasi;4;;
3.2.0;Subsurface Divelog;subsurface;Subsurface Team;http://subsurface-divelog.org/;3;;owner;;;88ef1a64;Suunto Vyper Air;Suunto Vyper Air;idm163612832;AS;allbase;Subsurface Divebase;1c6f1b2a;Särkijärvi, Multisilta, Tampere;Särkijärvi, Multisilta, Tampere;61.440997;23.768331;Ei siellä valtavasti asioita näkynyt, mutta kyllä uudestaan voisi;mix(21/0);air;0.21;0;idm392377936;idm392377936;;;;;mix(21/0);15;19956000;10041000;3.52;1140;;16653000;;;9.26;4.097;3400;Oli se sukellus. Ei erityisen hyvä, mutta hyvää reeniä. Kuivis floodasi;4;;
3.2.0;Subsurface Divelog;subsurface;Subsurface Team;http://subsurface-divelog.org/;3;;owner;;;88ef1a64;Suunto Vyper Air;Suunto Vyper Air;idm163612832;AS;allbase;Subsurface Divebase;1c6f1b2a;Särkijärvi, Multisilta, Tampere;Särkijärvi, Multisilta, Tampere;61.440997;23.768331;Ei siellä valtavasti asioita näkynyt, mutta kyllä uudestaan voisi;mix(21/0);air;0.21;0;idm392377936;idm392377936;;;;;mix(21/0);15;19956000;10041000;3.28;1160;;16596000;;;9.26;4.097;3400;Oli se sukellus. Ei erityisen hyvä, mutta hyvää reeniä. Kuivis floodasi;4;;
3.2.0;Subsurface Divelog;subsurface;Subsurface Team;http://subsurface-divelog.org/;3;;owner;;;88ef1a64;Suunto Vyper Air;Suunto Vyper Air;idm163612832;AS;allbase;Subsurface Divebase;1c6f1b2a;Särkijärvi, Multisilta, Tampere;Särkijärvi, Multisilta, Tampere;61.440997;23.768331;Ei siellä valtavasti asioita näkynyt, mutta kyllä uudestaan voisi;mix(21/0);air;0.21;0;idm392377936;idm392377936;;;;;mix(21/0);15;19956000;10041000;3.21;1180;;16559000;;;9.26;4.097;3400;Oli se sukellus. Ei erityisen hyvä, mutta hyvää reeniä. Kuivis floodasi;4;;
3.2.0;Subsurface Divelog;subsurface;Subsurface Team;http://subsurface-divelog.org/;3;;owner;;;88ef1a64;Suunto Vyper Air;Suunto Vyper Air;idm163612832;AS;allbase;Subsurface Divebase;1c6f1b2a;Särkijärvi, Multisilta, Tampere;Särkijärvi, Multisilta, Tampere;61.440997;23.768331;Ei siellä valtavasti asioita näkynyt, mutta kyllä uudestaan voisi;mix(21/0);air;0.21;0;idm392377936;idm392377936;;;;;mix(21/0);15;19956000;10041000;3.37;1200;;16517000;;;9.26;4.097;3400;Oli se sukellus. Ei erityisen hyvä, mutta hyvää reeniä. Kuivis floodasi;4;;
3.2.0;Subsurface Divelog;subsurface;Subsurface Team;http://subsurface-divelog.org/;3;;owner;;;88ef1a64;Suunto Vyper Air;Suunto Vyper Air;idm163612832;AS;allbase;Subsurface Divebase;1c6f1b2a;Särkijärvi, Multisilta, Tampere;Särkijärvi, Multisilta, Tampere;61.440997;23.768331;Ei siellä valtavasti asioita näkynyt, mutta kyllä uudestaan voisi;mix(21/0);air;0.21;0;idm392377936;idm392377936;;;;;mix(21/0);15;19956000;10041000;3.66;1220;;16431000;;;9.26;4.097;3400;Oli se sukellus. Ei erityisen hyvä, mutta hyvää reeniä. Kuivis floodasi;4;;
3.2.0;Subsurface Divelog;subsurface;Subsurface Team;http://subsurface-divelog.org/;3;;owner;;;88ef1a64;Suunto Vyper Air;Suunto Vyper Air;idm163612832;AS;allbase;Subsurface Divebase;1c6f1b2a;Särkijärvi, Multisilta, Tampere;Särkijärvi, Multisilta, Tampere;61.440997;23.768331;Ei siellä valtavasti asioita näkynyt, mutta kyllä uudestaan voisi;mix(21/0);air;0.21;0;idm392377936;idm392377936;;;;;mix(21/0);15;19956000;10041000;3.45;1240;;16396000;;;9.26;4.097;3400;Oli se sukellus. Ei erityisen hyvä, mutta hyvää reeniä. Kuivis floodasi;4;;
3.2.0;Subsurface Divelog;subsurface;Subsurface Team;http://subsurface-divelog.org/;3;;owner;;;88ef1a64;Suunto Vyper Air;Suunto Vyper Air;idm163612832;AS;allbase;Subsurface Divebase;1c6f1b2a;Särkijärvi, Multisilta, Tampere;Särkijärvi, Multisilta, Tampere;61.440997;23.768331;Ei siellä valtavasti asioita näkynyt, mutta kyllä uudestaan voisi;mix(21/0);air;0.21;0;idm392377936;idm392377936;;;;;mix(21/0);15;19956000;10041000;3.5;1260;;16322000;;;9.26;4.097;3400;Oli se sukellus. Ei erityisen hyvä, mutta hyvää reeniä. Kuivis floodasi;4;;
3.2.0;Subsurface Divelog;subsurface;Subsurface Team;http://subsurface-divelog.org/;3;;owner;;;88ef1a64;Suunto Vyper Air;Suunto Vyper Air;idm163612832;AS;allbase;Subsurface Divebase;1c6f1b2a;Särkijärvi, Multisilta, Tampere;Särkijärvi, Multisilta, Tampere;61.440997;23.768331;Ei siellä valtavasti asioita näkynyt, mutta kyllä uudestaan voisi;mix(21/0);air;0.21;0;idm392377936;idm392377936;;;;;mix(21/0);15;19956000;10041000;2.69;1280;;16252000;;;9.26;4.097;3400;Oli se sukellus. Ei erityisen hyvä, mutta hyvää reeniä. Kuivis floodasi;4;;
3.2.0;Subsurface Divelog;subsurface;Subsurface Team;http://subsurface-divelog.org/;3;;owner;;;88ef1a64;Suunto Vyper Air;Suunto Vyper Air;idm163612832;AS;allbase;Subsurface Divebase;1c6f1b2a;Särkijärvi, Multisilta, Tampere;Särkijärvi, Multisilta, Tampere;61.440997;23.768331;Ei siellä valtavasti asioita näkynyt, mutta kyllä uudestaan voisi;mix(21/0);air;0.21;0;idm392377936;idm392377936;;;;;mix(21/0);15;19956000;10041000;3.12;1300;;16201000;;;9.26;4.097;3400;Oli se sukellus. Ei erityisen hyvä, mutta hyvää reeniä. Kuivis floodasi;4;;
3.2.0;Subsurface Divelog;subsurface;Subsurface Team;http://subsurface-divelog.org/;3;;owner;;;88ef1a64;Suunto Vyper Air;Suunto Vyper Air;idm163612832;AS;allbase;Subsurface Divebase;1c6f1b2a;Särkijärvi, Multisilta, Tampere;Särkijärvi, Multisilta, Tampere;61.440997;23.768331;Ei siellä valtavasti asioita näkynyt, mutta kyllä uudestaan voisi;mix(21/0);air;0.21;0;idm392377936;idm392377936;;;;;mix(21/0);15;19956000;10041000;2.85;1320;;16126000;;;9.26;4.097;3400;Oli se sukellus. Ei erityisen hyvä, mutta hyvää reeniä. Kuivis floodasi;4;;
3.2.0;Subsurface Divelog;subsurface;Subsurface Team;http://subsurface-divelog.org/;3;;owner;;;88ef1a64;Suunto Vyper Air;Suunto Vyper Air;idm163612832;AS;allbase;Subsurface Divebase;1c6f1b2a;Särkijärvi, Multisilta, Tampere;Särkijärvi, Multisilta, Tampere;61.440997;23.768331;Ei siellä valtavasti asioita näkynyt, mutta kyllä uudestaan voisi;mix(21/0);air;0.21;0;idm392377936;idm392377936;;;;;mix(21/0);15;19956000;10041000;2.67;1340;;16073000;;;9.26;4.097;3400;Oli se sukellus. Ei erityisen hyvä, mutta hyvää reeniä. Kuivis floodasi;4;;
3.2.0;Subsurface Divelog;subsurface;Subsurface Team;http://subsurface-divelog.org/;3;;owner;;;88ef1a64;Suunto Vyper Air;Suunto Vyper Air;idm163612832;AS;allbase;Subsurface Divebase;1c6f1b2a;Särkijärvi, Multisilta, Tampere;Särkijärvi, Multisilta, Tampere;61.440997;23.768331;Ei siellä valtavasti asioita näkynyt, mutta kyllä uudestaan voisi;mix(21/0);air;0.21;0;idm392377936;idm392377936;;;;;mix(21/0);15;19956000;10041000;2.86;1360;;16031000;;;9.26;4.097;3400;Oli se sukellus. Ei erityisen hyvä, mutta hyvää reeniä. Kuivis floodasi;4;;
3.2.0;Subsurface Divelog;subsurface;Subsurface Team;http://subsurface-divelog.org/;3;;owner;;;88ef1a64;Suunto Vyper Air;Suunto Vyper Air;idm163612832;AS;allbase;Subsurface Divebase;1c6f1b2a;Särkijärvi, Multisilta, Tampere;Särkijärvi, Multisilta, Tampere;61.440997;23.768331;Ei siellä valtavasti asioita näkynyt, mutta kyllä uudestaan voisi;mix(21/0);air;0.21;0;idm392377936;idm392377936;;;;;mix(21/0);15;19956000;10041000;3.13;1380;;15981000;;;9.26;4.097;3400;Oli se sukellus. Ei erityisen hyvä, mutta hyvää reeniä. Kuivis floodasi;4;;
3.2.0;Subsurface Divelog;subsurface;Subsurface Team;http://subsurface-divelog.org/;3;;owner;;;88ef1a64;Suunto Vyper Air;Suunto Vyper Air;idm163612832;AS;allbase;Subsurface Divebase;1c6f1b2a;Särkijärvi, Multisilta, Tampere;Särkijärvi, Multisilta, Tampere;61.440997;23.768331;Ei siellä valtavasti asioita näkynyt, mutta kyllä uudestaan voisi;mix(21/0);air;0.21;0;idm392377936;idm392377936;;;;;mix(21/0);15;19956000;10041000;3.05;1400;;15915000;;;9.26;4.097;3400;Oli se sukellus. Ei erityisen hyvä, mutta hyvää reeniä. Kuivis floodasi;4;;
3.2.0;Subsurface Divelog;subsurface;Subsurface Team;http://subsurface-divelog.org/;3;;owner;;;88ef1a64;Suunto Vyper Air;Suunto Vyper Air;idm163612832;AS;allbase;Subsurface Divebase;1c6f1b2a;Särkijärvi, Multisilta, Tampere;Särkijärvi, Multisilta, Tampere;61.440997;23.768331;Ei siellä valtavasti asioita näkynyt, mutta kyllä uudestaan voisi;mix(21/0);air;0.21;0;idm392377936;idm392377936;;;;;mix(21/0);15;19956000;10041000;2.95;1420;;15877000;;;9.26;4.097;3400;Oli se sukellus. Ei erityisen hyvä, mutta hyvää reeniä. Kuivis floodasi;4;;
3.2.0;Subsurface Divelog;subsurface;Subsurface Team;http://subsurface-divelog.org/;3;;owner;;;88ef1a64;Suunto Vyper Air;Suunto Vyper Air;idm163612832;AS;allbase;Subsurface Divebase;1c6f1b2a;Särkijärvi, Multisilta, Tampere;Särkijärvi, Multisilta, Tampere;61.440997;23.768331;Ei siellä valtavasti asioita näkynyt, mutta kyllä uudestaan voisi;mix(21/0);air;0.21;0;idm392377936;idm392377936;;;;;mix(21/0);15;19956000;10041000;2.38;1440;;15809000;;;9.26;4.097;3400;Oli se sukellus. Ei erityisen hyvä, mutta hyvää reeniä. Kuivis floodasi;4;;
3.2.0;Subsurface Divelog;subsurface;Subsurface Team;http://subsurface-divelog.org/;3;;owner;;;88ef1a64;Suunto Vyper Air;Suunto Vyper Air;idm163612832;AS;allbase;Subsurface Divebase;1c6f1b2a;Särkijärvi, Multisilta, Tampere;Särkijärvi, Multisilta, Tampere;61.440997;23.768331;Ei siellä valtavasti asioita näkynyt, mutta kyllä uudestaan voisi;mix(21/0);air;0.21;0;idm392377936;idm392377936;;;;;mix(21/0);15;19956000;10041000;2.05;1460;;15753000;;;9.26;4.097;3400;Oli se sukellus. Ei erityisen hyvä, mutta hyvää reeniä. Kuivis floodasi;4;;
3.2.0;Subsurface Divelog;subsurface;Subsurface Team;http://subsurface-divelog.org/;3;;owner;;;88ef1a64;Suunto Vyper Air;Suunto Vyper Air;idm163612832;AS;allbase;Subsurface Divebase;1c6f1b2a;Särkijärvi, Multisilta, Tampere;Särkijärvi, Multisilta, Tampere;61.440997;23.768331;Ei siellä valtavasti asioita näkynyt, mutta kyllä uudestaan voisi;mix(21/0);air;0.21;0;idm392377936;idm392377936;;;;;mix(21/0);15;19956000;10041000;3.25;1480;;15672000;;;9.26;4.097;3400;Oli se sukellus. Ei erityisen hyvä, mutta hyvää reeniä. Kuivis floodasi;4;;
3.2.0;Subsurface Divelog;subsurface;Subsurface Team;http://subsurface-divelog.org/;3;;owner;;;88ef1a64;Suunto Vyper Air;Suunto Vyper Air;idm163612832;AS;allbase;Subsurface Divebase;1c6f1b2a;Särkijärvi, Multisilta, Tampere;Särkijärvi, Multisilta, Tampere;61.440997;23.768331;Ei siellä valtavasti asioita näkynyt, mutta kyllä uudestaan voisi;mix(21/0);air;0.21;0;idm392377936;idm392377936;;;;;mix(21/0);15;19956000;10041000;3.26;1500;;15649000;;;9.26;4.097;3400;Oli se sukellus. Ei erityisen hyvä, mutta hyvää reeniä. Kuivis floodasi;4;;
3.2.0;Subsurface Divelog;subsurface;Subsurface Team;http://subsurface-divelog.org/;3;;owner;;;88ef1a64;Suunto Vyper Air;Suunto Vyper Air;idm163612832;AS;allbase;Subsurface Divebase;1c6f1b2a;Särkijärvi, Multisilta, Tampere;Särkijärvi, Multisilta, Tampere;61.440997;23.768331;Ei siellä valtavasti asioita näkynyt, mutta kyllä uudestaan voisi;mix(21/0);air;0.21;0;idm392377936;idm392377936;;;;;mix(21/0);15;19956000;10041000;3.23;1520;;15596000;;;9.26;4.097;3400;Oli se sukellus. Ei erityisen hyvä, mutta hyvää reeniä. Kuivis floodasi;4;;
3.2.0;Subsurface Divelog;subsurface;Subsurface Team;http://subsurface-divelog.org/;3;;owner;;;88ef1a64;Suunto Vyper Air;Suunto Vyper Air;idm163612832;AS;allbase;Subsurface Divebase;1c6f1b2a;Särkijärvi, Multisilta, Tampere;Särkijärvi, Multisilta, Tampere;61.440997;23.768331;Ei siellä valtavasti asioita näkynyt, mutta kyllä uudestaan voisi;mix(21/0);air;0.21;0;idm392377936;idm392377936;;;;;mix(21/0);15;19956000;10041000;3.3;1540;;15561000;;;9.26;4.097;3400;Oli se sukellus. Ei erityisen hyvä, mutta hyvää reeniä. Kuivis floodasi;4;;
3.2.0;Subsurface Divelog;subsurface;Subsurface Team;http://subsurface-divelog.org/;3;;owner;;;88ef1a64;Suunto Vyper Air;Suunto Vyper Air;idm163612832;AS;allbase;Subsurface Divebase;1c6f1b2a;Särkijärvi, Multisilta, Tampere;Särkijärvi, Multisilta, Tampere;61.440997;23.768331;Ei siellä valtavasti asioita näkynyt, mutta kyllä uudestaan voisi;mix(21/0);air;0.21;0;idm392377936;idm392377936;;;;;mix(21/0);15;19956000;10041000;3.22;1560;;15482000;;;9.26;4.097;3400;Oli se sukellus. Ei erityisen hyvä, mutta hyvää reeniä. Kuivis floodasi;4;;
3.2.0;Subsurface Divelog;subsurface;Subsurface Team;http://subsurface-divelog.org/;3;;owner;;;88ef1a64;Suunto Vyper Air;Suunto Vyper Air;idm163612832;AS;allbase;Subsurface Divebase;1c6f1b2a;Särkijärvi, Multisilta, Tampere;Särkijärvi, Multisilta, Tampere;61.440997;23.768331;Ei siellä valtavasti asioita näkynyt, mutta kyllä uudestaan voisi;mix(21/0);air;0.21;0;idm392377936;idm392377936;;;;;mix(21/0);15;19956000;10041000;3.23;1580;;15444000;;;9.26;4.097;3400;Oli se sukellus. Ei erityisen hyvä, mutta hyvää reeniä. Kuivis floodasi;4;;
3.2.0;Subsurface Divelog;subsurface;Subsurface Team;http://subsurface-divelog.org/;3;;owner;;;88ef1a64;Suunto Vyper Air;Suunto Vyper Air;idm163612832;AS;allbase;Subsurface Divebase;1c6f1b2a;Särkijärvi, Multisilta, Tampere;Särkijärvi, Multisilta, Tampere;61.440997;23.768331;Ei siellä valtavasti asioita näkynyt, mutta kyllä uudestaan voisi;mix(21/0);air;0.21;0;idm392377936;idm392377936;;;;;mix(21/0);15;19956000;10041000;3.75;1600;;15417000;;;9.26;4.097;3400;Oli se sukellus. Ei erityisen hyvä, mutta hyvää reeniä. Kuivis floodasi;4;;
3.2.0;Subsurface Divelog;subsurface;Subsurface Team;http://subsurface-divelog.org/;3;;owner;;;88ef1a64;Suunto Vyper Air;Suunto Vyper Air;idm163612832;AS;allbase;Subsurface Divebase;1c6f1b2a;Särkijärvi, Multisilta, Tampere;Särkijärvi, Multisilta, Tampere;61.440997;23.768331;Ei siellä valtavasti asioita näkynyt, mutta kyllä uudestaan voisi;mix(21/0);air;0.21;0;idm392377936;idm392377936;;;;;mix(21/0);15;19956000;10041000;3.26;1620;;15393000;;;9.26;4.097;3400;Oli se sukellus. Ei erityisen hyvä, mutta hyvää reeniä. Kuivis floodasi;4;;
3.2.0;Subsurface Divelog;subsurface;Subsurface Team;http://subsurface-divelog.org/;3;;owner;;;88ef1a64;Suunto Vyper Air;Suunto Vyper Air;idm163612832;AS;allbase;Subsurface Divebase;1c6f1b2a;Särkijärvi, Multisilta, Tampere;Särkijärvi, Multisilta, Tampere;61.440997;23.768331;Ei siellä valtavasti asioita näkynyt, mutta kyllä uudestaan voisi;mix(21/0);air;0.21;0;idm392377936;idm392377936;;;;;mix(21/0);15;19956000;10041000;3.65;1640;;15316000;;;9.26;4.097;3400;Oli se sukellus. Ei erityisen hyvä, mutta hyvää reeniä. Kuivis floodasi;4;;
3.2.0;Subsurface Divelog;subsurface;Subsurface Team;http://subsurface-divelog.org/;3;;owner;;;88ef1a64;Suunto Vyper Air;Suunto Vyper Air;idm163612832;AS;allbase;Subsurface Divebase;1c6f1b2a;Särkijärvi, Multisilta, Tampere;Särkijärvi, Multisilta, Tampere;61.440997;23.768331;Ei siellä valtavasti asioita näkynyt, mutta kyllä uudestaan voisi;mix(21/0);air;0.21;0;idm392377936;idm392377936;;;;;mix(21/0);15;19956000;10041000;3.35;1660;;15288000;;;9.26;4.097;3400;Oli se sukellus. Ei erityisen hyvä, mutta hyvää reeniä. Kuivis floodasi;4;;
3.2.0;Subsurface Divelog;subsurface;Subsurface Team;http://subsurface-divelog.org/;3;;owner;;;88ef1a64;Suunto Vyper Air;Suunto Vyper Air;idm163612832;AS;allbase;Subsurface Divebase;1c6f1b2a;Särkijärvi, Multisilta, Tampere;Särkijärvi, Multisilta, Tampere;61.440997;23.768331;Ei siellä valtavasti asioita näkynyt, mutta kyllä uudestaan voisi;mix(21/0);air;0.21;0;idm392377936;idm392377936;;;;;mix(21/0);15;19956000;10041000;3.66;1680;;15253000;;;9.26;4.097;3400;Oli se sukellus. Ei erityisen hyvä, mutta hyvää reeniä. Kuivis floodasi;4;;
3.2.0;Subsurface Divelog;subsurface;Subsurface Team;http://subsurface-divelog.org/;3;;owner;;;88ef1a64;Suunto Vyper Air;Suunto Vyper Air;idm163612832;AS;allbase;Subsurface Divebase;1c6f1b2a;Särkijärvi, Multisilta, Tampere;Särkijärvi, Multisilta, Tampere;61.440997;23.768331;Ei siellä valtavasti asioita näkynyt, mutta kyllä uudestaan voisi;mix(21/0);air;0.21;0;idm392377936;idm392377936;;;;;mix(21/0);15;19956000;10041000;3.84;1700;;15191000;;;9.26;4.097;3400;Oli se sukellus. Ei erityisen hyvä, mutta hyvää reeniä. Kuivis floodasi;4;;
3.2.0;Subsurface Divelog;subsurface;Subsurface Team;http://subsurface-divelog.org/;3;;owner;;;88ef1a64;Suunto Vyper Air;Suunto Vyper Air;idm163612832;AS;allbase;Subsurface Divebase;1c6f1b2a;Särkijärvi, Multisilta, Tampere;Särkijärvi, Multisilta, Tampere;61.440997;23.768331;Ei siellä valtavasti asioita näkynyt, mutta kyllä uudestaan voisi;mix(21/0);air;0.21;0;idm392377936;idm392377936;;;;;mix(21/0);15;19956000;10041000;3.93;1720;;15160000;;;9.26;4.097;3400;Oli se sukellus. Ei erityisen hyvä, mutta hyvää reeniä. Kuivis floodasi;4;;
3.2.0;Subsurface Divelog;subsurface;Subsurface Team;http://subsurface-divelog.org/;3;;owner;;;88ef1a64;Suunto Vyper Air;Suunto Vyper Air;idm163612832;AS;allbase;Subsurface Divebase;1c6f1b2a;Särkijärvi, Multisilta, Tampere;Särkijärvi, Multisilta, Tampere;61.440997;23.768331;Ei siellä valtavasti asioita näkynyt, mutta kyllä uudestaan voisi;mix(21/0);air;0.21;0;idm392377936;idm392377936;;;;;mix(21/0);15;19956000;10041000;4.23;1740;;15084000;;;9.26;4.097;3400;Oli se sukellus. Ei erityisen hyvä, mutta hyvää reeniä. Kuivis floodasi;4;;
3.2.0;Subsurface Divelog;subsurface;Subsurface Team;http://subsurface-divelog.org/;3;;owner;;;88ef1a64;Suunto Vyper Air;Suunto Vyper Air;idm163612832;AS;allbase;Subsurface Divebase;1c6f1b2a;Särkijärvi, Multisilta, Tampere;Särkijärvi, Multisilta, Tampere;61.440997;23.768331;Ei siellä valtavasti asioita näkynyt, mutta kyllä uudestaan voisi;mix(21/0);air;0.21;0;idm392377936;idm392377936;;;;;mix(21/0);15;19956000;10041000;4.07;1760;;15058000;;;9.26;4.097;3400;Oli se sukellus. Ei erityisen hyvä, mutta hyvää reeniä. Kuivis floodasi;4;;
3.2.0;Subsurface Divelog;subsurface;Subsurface Team;http://subsurface-divelog.org/;3;;owner;;;88ef1a64;Suunto Vyper Air;Suunto Vyper Air;idm163612832;AS;allbase;Subsurface Divebase;1c6f1b2a;Särkijärvi, Multisilta, Tampere;Särkijärvi, Multisilta, Tampere;61.440997;23.768331;Ei siellä valtavasti asioita näkynyt, mutta kyllä uudestaan voisi;mix(21/0);air;0.21;0;idm392377936;idm392377936;;;;;mix(21/0);15;19956000;10041000;3.66;1780;;14998000;;;9.26;4.097;3400;Oli se sukellus. Ei erityisen hyvä, mutta hyvää reeniä. Kuivis floodasi;4;;
3.2.0;Subsurface Divelog;subsurface;Subsurface Team;http://subsurface-divelog.org/;3;;owner;;;88ef1a64;Suunto Vyper Air;Suunto Vyper Air;idm163612832;AS;allbase;Subsurface Divebase;1c6f1b2a;Särkijärvi, Multisilta, Tampere;Särkijärvi, Multisilta, Tampere;61.440997;23.768331;Ei siellä valtavasti asioita näkynyt, mutta kyllä uudestaan voisi;mix(21/0);air;0.21;0;idm392377936;idm392377936;;;;;mix(21/0);15;19956000;10041000;3.93;1800;;14964000;;;9.26;4.097;3400;Oli se sukellus. Ei erityisen hyvä, mutta hyvää reeniä. Kuivis floodasi;4;;
3.2.0;Subsurface Divelog;subsurface;Subsurface Team;http://subsurface-divelog.org/;3;;owner;;;88ef1a64;Suunto Vyper Air;Suunto Vyper Air;idm163612832;AS;allbase;Subsurface Divebase;1c6f1b2a;Särkijärvi, Multisilta, Tampere;Särkijärvi, Multisilta, Tampere;61.440997;23.768331;Ei siellä valtavasti asioita näkynyt, mutta kyllä uudestaan voisi;mix(21/0);air;0.21;0;idm392377936;idm392377936;;;;;mix(21/0);15;19956000;10041000;4.06;1820;;14908000;;;9.26;4.097;3400;Oli se sukellus. Ei erityisen hyvä, mutta hyvää reeniä. Kuivis floodasi;4;;
3.2.0;Subsurface Divelog;subsurface;Subsurface Team;http://subsurface-divelog.org/;3;;owner;;;88ef1a64;Suunto Vyper Air;Suunto Vyper Air;idm163612832;AS;allbase;Subsurface Divebase;1c6f1b2a;Särkijärvi, Multisilta, Tampere;Särkijärvi, Multisilta, Tampere;61.440997;23.768331;Ei siellä valtavasti asioita näkynyt, mutta kyllä uudestaan voisi;mix(21/0);air;0.21;0;idm392377936;idm392377936;;;;;mix(21/0);15;19956000;10041000;3.98;1840;;14879000;;;9.26;4.097;3400;Oli se sukellus. Ei erityisen hyvä, mutta hyvää reeniä. Kuivis floodasi;4;;
3.2.0;Subsurface Divelog;subsurface;Subsurface Team;http://subsurface-divelog.org/;3;;owner;;;88ef1a64;Suunto Vyper Air;Suunto Vyper Air;idm163612832;AS;allbase;Subsurface Divebase;1c6f1b2a;Särkijärvi, Multisilta, Tampere;Särkijärvi, Multisilta, Tampere;61.440997;23.768331;Ei siellä valtavasti asioita näkynyt, mutta kyllä uudestaan voisi;mix(21/0);air;0.21;0;idm392377936;idm392377936;;;;;mix(21/0);15;19956000;10041000;3.93;1860;;14838000;;;9.26;4.097;3400;Oli se sukellus. Ei erityisen hyvä, mutta hyvää reeniä. Kuivis floodasi;4;;
3.2.0;Subsurface Divelog;subsurface;Subsurface Team;http://subsurface-divelog.org/;3;;owner;;;88ef1a64;Suunto Vyper Air;Suunto Vyper Air;idm163612832;AS;allbase;Subsurface Divebase;1c6f1b2a;Särkijärvi, Multisilta, Tampere;Särkijärvi, Multisilta, Tampere;61.440997;23.768331;Ei siellä valtavasti asioita näkynyt, mutta kyllä uudestaan voisi;mix(21/0);air;0.21;0;idm392377936;idm392377936;;;;;mix(21/0);15;19956000;10041000;3.79;1880;;14780000;;;9.26;4.097;3400;Oli se sukellus. Ei erityisen hyvä, mutta hyvää reeniä. Kuivis floodasi;4;;
3.2.0;Subsurface Divelog;subsurface;Subsurface Team;http://subsurface-divelog.org/;3;;owner;;;88ef1a64;Suunto Vyper Air;Suunto Vyper Air;idm163612832;AS;allbase;Subsurface Divebase;1c6f1b2a;Särkijärvi, Multisilta, Tampere;Särkijärvi, Multisilta, Tampere;61.440997;23.768331;Ei siellä valtavasti asioita näkynyt, mutta kyllä uudestaan voisi;mix(21/0);air;0.21;0;idm392377936;idm392377936;;;;;mix(21/0);15;19956000;10041000;3.8;1900;;14731000;;;9.26;4.097;3400;Oli se sukellus. Ei erityisen hyvä, mutta hyvää reeniä. Kuivis floodasi;4;;
3.2.0;Subsurface Divelog;subsurface;Subsurface Team;http://subsurface-divelog.org/;3;;owner;;;88ef1a64;Suunto Vyper Air;Suunto Vyper Air;idm163612832;AS;allbase;Subsurface Divebase;1c6f1b2a;Särkijärvi, Multisilta, Tampere;Särkijärvi, Multisilta, Tampere;61.440997;23.768331;Ei siellä valtavasti asioita näkynyt, mutta kyllä uudestaan voisi;mix(21/0);air;0.21;0;idm392377936;idm392377936;;;;;mix(21/0);15;19956000;10041000;3.85;1920;;14700000;;;9.26;4.097;3400;Oli se sukellus. Ei erityisen hyvä, mutta hyvää reeniä. Kuivis floodasi;4;;
3.2.0;Subsurface Divelog;subsurface;Subsurface Team;http://subsurface-divelog.org/;3;;owner;;;88ef1a64;Suunto Vyper Air;Suunto Vyper Air;idm163612832;AS;allbase;Subsurface Divebase;1c6f1b2a;Särkijärvi, Multisilta, Tampere;Särkijärvi, Multisilta, Tampere;61.440997;23.768331;Ei siellä valtavasti asioita näkynyt, mutta kyllä uudestaan voisi;mix(21/0);air;0.21;0;idm392377936;idm392377936;;;;;mix(21/0);15;19956000;10041000;3.7;1940;;14648000;;;9.26;4.097;3400;Oli se sukellus. Ei erityisen hyvä, mutta hyvää reeniä. Kuivis floodasi;4;;
3.2.0;Subsurface Divelog;subsurface;Subsurface Team;http://subsurface-divelog.org/;3;;owner;;;88ef1a64;Suunto Vyper Air;Suunto Vyper Air;idm163612832;AS;allbase;Subsurface Divebase;1c6f1b2a;Särkijärvi, Multisilta, Tampere;Särkijärvi, Multisilta, Tampere;61.440997;23.768331;Ei siellä valtavasti asioita näkynyt, mutta kyllä uudestaan voisi;mix(21/0);air;0.21;0;idm392377936;idm392377936;;;;;mix(21/0);15;19956000;10041000;4.1;1960;;14568000;;;9.26;4.097;3400;Oli se sukellus. Ei erityisen hyvä, mutta hyvää reeniä. Kuivis floodasi;4;;
3.2.0;Subsurface Divelog;subsurface;Subsurface Team;http://subsurface-divelog.org/;3;;owner;;;88ef1a64;Suunto Vyper Air;Suunto Vyper Air;idm163612832;AS;allbase;Subsurface Divebase;1c6f1b2a;Särkijärvi, Multisilta, Tampere;Särkijärvi, Multisilta, Tampere;61.440997;23.768331;Ei siellä valtavasti asioita näkynyt, mutta kyllä uudestaan voisi;mix(21/0);air;0.21;0;idm392377936;idm392377936;;;;;mix(21/0);15;19956000;10041000;4.06;1980;;14531000;;;9.26;4.097;3400;Oli se sukellus. Ei erityisen hyvä, mutta hyvää reeniä. Kuivis floodasi;4;;
3.2.0;Subsurface Divelog;subsurface;Subsurface Team;http://subsurface-divelog.org/;3;;owner;;;88ef1a64;Suunto Vyper Air;Suunto Vyper Air;idm163612832;AS;allbase;Subsurface Divebase;1c6f1b2a;Särkijärvi, Multisilta, Tampere;Särkijärvi, Multisilta, Tampere;61.440997;23.768331;Ei siellä valtavasti asioita näkynyt, mutta kyllä uudestaan voisi;mix(21/0);air;0.21;0;idm392377936;idm392377936;;;;;mix(21/0);15;19956000;10041000;4.12;2000;;14456000;;;9.26;4.097;3400;Oli se sukellus. Ei erityisen hyvä, mutta hyvää reeniä. Kuivis floodasi;4;;
3.2.0;Subsurface Divelog;subsurface;Subsurface Team;http://subsurface-divelog.org/;3;;owner;;;88ef1a64;Suunto Vyper Air;Suunto Vyper Air;idm163612832;AS;allbase;Subsurface Divebase;1c6f1b2a;Särkijärvi, Multisilta, Tampere;Särkijärvi, Multisilta, Tampere;61.440997;23.768331;Ei siellä valtavasti asioita näkynyt, mutta kyllä uudestaan voisi;mix(21/0);air;0.21;0;idm392377936;idm392377936;;;;;mix(21/0);15;19956000;10041000;4.26;2020;;14425000;;;9.26;4.097;3400;Oli se sukellus. Ei erityisen hyvä, mutta hyvää reeniä. Kuivis floodasi;4;;
3.2.0;Subsurface Divelog;subsurface;Subsurface Team;http://subsurface-divelog.org/;3;;owner;;;88ef1a64;Suunto Vyper Air;Suunto Vyper Air;idm163612832;AS;allbase;Subsurface Divebase;1c6f1b2a;Särkijärvi, Multisilta, Tampere;Särkijärvi, Multisilta, Tampere;61.440997;23.768331;Ei siellä valtavasti asioita näkynyt, mutta kyllä uudestaan voisi;mix(21/0);air;0.21;0;idm392377936;idm392377936;;;;;mix(21/0);15;19956000;10041000;4.19;2040;;14393000;;;9.26;4.097;3400;Oli se sukellus. Ei erityisen hyvä, mutta hyvää reeniä. Kuivis floodasi;4;;
3.2.0;Subsurface Divelog;subsurface;Subsurface Team;http://subsurface-divelog.org/;3;;owner;;;88ef1a64;Suunto Vyper Air;Suunto Vyper Air;idm163612832;AS;allbase;Subsurface Divebase;1c6f1b2a;Särkijärvi, Multisilta, Tampere;Särkijärvi, Multisilta, Tampere;61.440997;23.768331;Ei siellä valtavasti asioita näkynyt, mutta kyllä uudestaan voisi;mix(21/0);air;0.21;0;idm392377936;idm392377936;;;;;mix(21/0);15;19956000;10041000;4.45;2060;;14358000;;;9.26;4.097;3400;Oli se sukellus. Ei erityisen hyvä, mutta hyvää reeniä. Kuivis floodasi;4;;
3.2.0;Subsurface Divelog;subsurface;Subsurface Team;http://subsurface-divelog.org/;3;;owner;;;88ef1a64;Suunto Vyper Air;Suunto Vyper Air;idm163612832;AS;allbase;Subsurface Divebase;1c6f1b2a;Särkijärvi, Multisilta, Tampere;Särkijärvi, Multisilta, Tampere;61.440997;23.768331;Ei siellä valtavasti asioita näkynyt, mutta kyllä uudestaan voisi;mix(21/0);air;0.21;0;idm392377936;idm392377936;;;;;mix(21/0);15;19956000;10041000;4.43;2080;;14294000;;;9.26;4.097;3400;Oli se sukellus. Ei erityisen hyvä, mutta hyvää reeniä. Kuivis floodasi;4;;
3.2.0;Subsurface Divelog;subsurface;Subsurface Team;http://subsurface-divelog.org/;3;;owner;;;88ef1a64;Suunto Vyper Air;Suunto Vyper Air;idm163612832;AS;allbase;Subsurface Divebase;1c6f1b2a;Särkijärvi, Multisilta, Tampere;Särkijärvi, Multisilta, Tampere;61.440997;23.768331;Ei siellä valtavasti asioita näkynyt, mutta kyllä uudestaan voisi;mix(21/0);air;0.21;0;idm392377936;idm392377936;;;;;mix(21/0);15;19956000;10041000;4.28;2100;;14264000;;;9.26;4.097;3400;Oli se sukellus. Ei erityisen hyvä, mutta hyvää reeniä. Kuivis floodasi;4;;
3.2.0;Subsurface Divelog;subsurface;Subsurface Team;http://subsurface-divelog.org/;3;;owner;;;88ef1a64;Suunto Vyper Air;Suunto Vyper Air;idm163612832;AS;allbase;Subsurface Divebase;1c6f1b2a;Särkijärvi, Multisilta, Tampere;Särkijärvi, Multisilta, Tampere;61.440997;23.768331;Ei siellä valtavasti asioita näkynyt, mutta kyllä uudestaan voisi;mix(21/0);air;0.21;0;idm392377936;idm392377936;;;;;mix(21/0);15;19956000;10041000;3.9;2120;;14204000;;;9.26;4.097;3400;Oli se sukellus. Ei erityisen hyvä, mutta hyvää reeniä. Kuivis floodasi;4;;
3.2.0;Subsurface Divelog;subsurface;Subsurface Team;http://subsurface-divelog.org/;3;;owner;;;88ef1a64;Suunto Vyper Air;Suunto Vyper Air;idm163612832;AS;allbase;Subsurface Divebase;1c6f1b2a;Särkijärvi, Multisilta, Tampere;Särkijärvi, Multisilta, Tampere;61.440997;23.768331;Ei siellä valtavasti asioita näkynyt, mutta kyllä uudestaan voisi;mix(21/0);air;0.21;0;idm392377936;idm392377936;;;;;mix(21/0);15;19956000;10041000;4.52;2140;;14157000;;;9.26;4.097;3400;Oli se sukellus. Ei erityisen hyvä, mutta hyvää reeniä. Kuivis floodasi;4;;
3.2.0;Subsurface Divelog;subsurface;Subsurface Team;http://subsurface-divelog.org/;3;;owner;;;88ef1a64;Suunto Vyper Air;Suunto Vyper Air;idm163612832;AS;allbase;Subsurface Divebase;1c6f1b2a;Särkijärvi, Multisilta, Tampere;Särkijärvi, Multisilta, Tampere;61.440997;23.768331;Ei siellä valtavasti asioita näkynyt, mutta kyllä uudestaan voisi;mix(21/0);air;0.21;0;idm392377936;idm392377936;;;;;mix(21/0);15;19956000;10041000;4.22;2160;;14136000;;;9.26;4.097;3400;Oli se sukellus. Ei erityisen hyvä, mutta hyvää reeniä. Kuivis floodasi;4;;
3.2.0;Subsurface Divelog;subsurface;Subsurface Team;http://subsurface-divelog.org/;3;;owner;;;88ef1a64;Suunto Vyper Air;Suunto Vyper Air;idm163612832;AS;allbase;Subsurface Divebase;1c6f1b2a;Särkijärvi, Multisilta, Tampere;Särkijärvi, Multisilta, Tampere;61.440997;23.768331;Ei siellä valtavasti asioita näkynyt, mutta kyllä uudestaan voisi;mix(21/0);air;0.21;0;idm392377936;idm392377936;;;;;mix(21/0);15;19956000;10041000;4.28;2180;;14087000;;;9.26;4.097;3400;Oli se sukellus. Ei erityisen hyvä, mutta hyvää reeniä. Kuivis floodasi;4;;
3.2.0;Subsurface Divelog;subsurface;Subsurface Team;http://subsurface-divelog.org/;3;;owner;;;88ef1a64;Suunto Vyper Air;Suunto Vyper Air;idm163612832;AS;allbase;Subsurface Divebase;1c6f1b2a;Särkijärvi, Multisilta, Tampere;Särkijärvi, Multisilta, Tampere;61.440997;23.768331;Ei siellä valtavasti asioita näkynyt, mutta kyllä uudestaan voisi;mix(21/0);air;0.21;0;idm392377936;idm392377936;;;;;mix(21/0);15;19956000;10041000;4.37;2200;;14035000;;;9.26;4.097;3400;Oli se sukellus. Ei erityisen hyvä, mutta hyvää reeniä. Kuivis floodasi;4;;
3.2.0;Subsurface Divelog;subsurface;Subsurface Team;http://subsurface-divelog.org/;3;;owner;;;88ef1a64;Suunto Vyper Air;Suunto Vyper Air;idm163612832;AS;allbase;Subsurface Divebase;1c6f1b2a;Särkijärvi, Multisilta, Tampere;Särkijärvi, Multisilta, Tampere;61.440997;23.768331;Ei siellä valtavasti asioita näkynyt, mutta kyllä uudestaan voisi;mix(21/0);air;0.21;0;idm392377936;idm392377936;;;;;mix(21/0);15;19956000;10041000;4.4;2220;;13966000;;;9.26;4.097;3400;Oli se sukellus. Ei erityisen hyvä, mutta hyvää reeniä. Kuivis floodasi;4;;
3.2.0;Subsurface Divelog;subsurface;Subsurface Team;http://subsurface-divelog.org/;3;;owner;;;88ef1a64;Suunto Vyper Air;Suunto Vyper Air;idm163612832;AS;allbase;Subsurface Divebase;1c6f1b2a;Särkijärvi, Multisilta, Tampere;Särkijärvi, Multisilta, Tampere;61.440997;23.768331;Ei siellä valtavasti asioita näkynyt, mutta kyllä uudestaan voisi;mix(21/0);air;0.21;0;idm392377936;idm392377936;;;;;mix(21/0);15;19956000;10041000;4.6;2240;;13932000;;;9.26;4.097;3400;Oli se sukellus. Ei erityisen hyvä, mutta hyvää reeniä. Kuivis floodasi;4;;
3.2.0;Subsurface Divelog;subsurface;Subsurface Team;http://subsurface-divelog.org/;3;;owner;;;88ef1a64;Suunto Vyper Air;Suunto Vyper Air;idm163612832;AS;allbase;Subsurface Divebase;1c6f1b2a;Särkijärvi, Multisilta, Tampere;Särkijärvi, Multisilta, Tampere;61.440997;23.768331;Ei siellä valtavasti asioita näkynyt, mutta kyllä uudestaan voisi;mix(21/0);air;0.21;0;idm392377936;idm392377936;;;;;mix(21/0);15;19956000;10041000;4.25;2260;;13887000;;;9.26;4.097;3400;Oli se sukellus. Ei erityisen hyvä, mutta hyvää reeniä. Kuivis floodasi;4;;
3.2.0;Subsurface Divelog;subsurface;Subsurface Team;http://subsurface-divelog.org/;3;;owner;;;88ef1a64;Suunto Vyper Air;Suunto Vyper Air;idm163612832;AS;allbase;Subsurface Divebase;1c6f1b2a;Särkijärvi, Multisilta, Tampere;Särkijärvi, Multisilta, Tampere;61.440997;23.768331;Ei siellä valtavasti asioita näkynyt, mutta kyllä uudestaan voisi;mix(21/0);air;0.21;0;idm392377936;idm392377936;;;;;mix(21/0);15;19956000;10041000;4.48;2280;;13812000;;;9.26;4.097;3400;Oli se sukellus. Ei erityisen hyvä, mutta hyvää reeniä. Kuivis floodasi;4;;
3.2.0;Subsurface Divelog;subsurface;Subsurface Team;http://subsurface-divelog.org/;3;;owner;;;88ef1a64;Suunto Vyper Air;Suunto Vyper Air;idm163612832;AS;allbase;Subsurface Divebase;1c6f1b2a;Särkijärvi, Multisilta, Tampere;Särkijärvi, Multisilta, Tampere;61.440997;23.768331;Ei siellä valtavasti asioita näkynyt, mutta kyllä uudestaan voisi;mix(21/0);air;0.21;0;idm392377936;idm392377936;;;;;mix(21/0);15;19956000;10041000;4.84;2300;;13789000;;;9.26;4.097;3400;Oli se sukellus. Ei erityisen hyvä, mutta hyvää reeniä. Kuivis floodasi;4;;
3.2.0;Subsurface Divelog;subsurface;Subsurface Team;http://subsurface-divelog.org/;3;;owner;;;88ef1a64;Suunto Vyper Air;Suunto Vyper Air;idm163612832;AS;allbase;Subsurface Divebase;1c6f1b2a;Särkijärvi, Multisilta, Tampere;Särkijärvi, Multisilta, Tampere;61.440997;23.768331;Ei siellä valtavasti asioita näkynyt, mutta kyllä uudestaan voisi;mix(21/0);air;0.21;0;idm392377936;idm392377936;;;;;mix(21/0);15;19956000;10041000;4.76;2320;;13702000;;;9.26;4.097;3400;Oli se sukellus. Ei erityisen hyvä, mutta hyvää reeniä. Kuivis floodasi;4;;
3.2.0;Subsurface Divelog;subsurface;Subsurface Team;http://subsurface-divelog.org/;3;;owner;;;88ef1a64;Suunto Vyper Air;Suunto Vyper Air;idm163612832;AS;allbase;Subsurface Divebase;1c6f1b2a;Särkijärvi, Multisilta, Tampere;Särkijärvi, Multisilta, Tampere;61.440997;23.768331;Ei siellä valtavasti asioita näkynyt, mutta kyllä uudestaan voisi;mix(21/0);air;0.21;0;idm392377936;idm392377936;;;;;mix(21/0);15;19956000;10041000;4.47;2340;;13678000;;;9.26;4.097;3400;Oli se sukellus. Ei erityisen hyvä, mutta hyvää reeniä. Kuivis floodasi;4;;
3.2.0;Subsurface Divelog;subsurface;Subsurface Team;http://subsurface-divelog.org/;3;;owner;;;88ef1a64;Suunto Vyper Air;Suunto Vyper Air;idm163612832;AS;allbase;Subsurface Divebase;1c6f1b2a;Särkijärvi, Multisilta, Tampere;Särkijärvi, Multisilta, Tampere;61.440997;23.768331;Ei siellä valtavasti asioita näkynyt, mutta kyllä uudestaan voisi;mix(21/0);air;0.21;0;idm392377936;idm392377936;;;;;mix(21/0);15;19956000;10041000;4.8;2360;;13651000;;;9.26;4.097;3400;Oli se sukellus. Ei erityisen hyvä, mutta hyvää reeniä. Kuivis floodasi;4;;
3.2.0;Subsurface Divelog;subsurface;Subsurface Team;http://subsurface-divelog.org/;3;;owner;;;88ef1a64;Suunto Vyper Air;Suunto Vyper Air;idm163612832;AS;allbase;Subsurface Divebase;1c6f1b2a;Särkijärvi, Multisilta, Tampere;Särkijärvi, Multisilta, Tampere;61.440997;23.768331;Ei siellä valtavasti asioita näkynyt, mutta kyllä uudestaan voisi;mix(21/0);air;0.21;0;idm392377936;idm392377936;;;;;mix(21/0);15;19956000;10041000;4.78;2380;;13601000;;;9.26;4.097;3400;Oli se sukellus. Ei erityisen hyvä, mutta hyvää reeniä. Kuivis floodasi;4;;
3.2.0;Subsurface Divelog;subsurface;Subsurface Team;http://subsurface-divelog.org/;3;;owner;;;88ef1a64;Suunto Vyper Air;Suunto Vyper Air;idm163612832;AS;allbase;Subsurface Divebase;1c6f1b2a;Särkijärvi, Multisilta, Tampere;Särkijärvi, Multisilta, Tampere;61.440997;23.768331;Ei siellä valtavasti asioita näkynyt, mutta kyllä uudestaan voisi;mix(21/0);air;0.21;0;idm392377936;idm392377936;;;;;mix(21/0);15;19956000;10041000;5;2400;;13536000;;;9.26;4.097;3400;Oli se sukellus. Ei erityisen hyvä, mutta hyvää reeniä. Kuivis floodasi;4;;
3.2.0;Subsurface Divelog;subsurface;Subsurface Team;http://subsurface-divelog.org/;3;;owner;;;88ef1a64;Suunto Vyper Air;Suunto Vyper Air;idm163612832;AS;allbase;Subsurface Divebase;1c6f1b2a;Särkijärvi, Multisilta, Tampere;Särkijärvi, Multisilta, Tampere;61.440997;23.768331;Ei siellä valtavasti asioita näkynyt, mutta kyllä uudestaan voisi;mix(21/0);air;0.21;0;idm392377936;idm392377936;;;;;mix(21/0);15;19956000;10041000;4.95;2420;;13540000;;;9.26;4.097;3400;Oli se sukellus. Ei erityisen hyvä, mutta hyvää reeniä. Kuivis floodasi;4;;
3.2.0;Subsurface Divelog;subsurface;Subsurface Team;http://subsurface-divelog.org/;3;;owner;;;88ef1a64;Suunto Vyper Air;Suunto Vyper Air;idm163612832;AS;allbase;Subsurface Divebase;1c6f1b2a;Särkijärvi, Multisilta, Tampere;Särkijärvi, Multisilta, Tampere;61.440997;23.768331;Ei siellä valtavasti asioita näkynyt, mutta kyllä uudestaan voisi;mix(21/0);air;0.21;0;idm392377936;idm392377936;;;;;mix(21/0);15;19956000;10041000;5.12;2440;;13471000;;;9.26;4.097;3400;Oli se sukellus. Ei erityisen hyvä, mutta hyvää reeniä. Kuivis floodasi;4;;
3.2.0;Subsurface Divelog;subsurface;Subsurface Team;http://subsurface-divelog.org/;3;;owner;;;88ef1a64;Suunto Vyper Air;Suunto Vyper Air;idm163612832;AS;allbase;Subsurface Divebase;1c6f1b2a;Särkijärvi, Multisilta, Tampere;Särkijärvi, Multisilta, Tampere;61.440997;23.768331;Ei siellä valtavasti asioita näkynyt, mutta kyllä uudestaan voisi;mix(21/0);air;0.21;0;idm392377936;idm392377936;;;;;mix(21/0);15;19956000;10041000;5.21;2460;;13395000;;;9.26;4.097;3400;Oli se sukellus. Ei erityisen hyvä, mutta hyvää reeniä. Kuivis floodasi;4;;
3.2.0;Subsurface Divelog;subsurface;Subsurface Team;http://subsurface-divelog.org/;3;;owner;;;88ef1a64;Suunto Vyper Air;Suunto Vyper Air;idm163612832;AS;allbase;Subsurface Divebase;1c6f1b2a;Särkijärvi, Multisilta, Tampere;Särkijärvi, Multisilta, Tampere;61.440997;23.768331;Ei siellä valtavasti asioita näkynyt, mutta kyllä uudestaan voisi;mix(21/0);air;0.21;0;idm392377936;idm392377936;;;;;mix(21/0);15;19956000;10041000;4.96;2480;;13368000;;;9.26;4.097;3400;Oli se sukellus. Ei erityisen hyvä, mutta hyvää reeniä. Kuivis floodasi;4;;
3.2.0;Subsurface Divelog;subsurface;Subsurface Team;http://subsurface-divelog.org/;3;;owner;;;88ef1a64;Suunto Vyper Air;Suunto Vyper Air;idm163612832;AS;allbase;Subsurface Divebase;1c6f1b2a;Särkijärvi, Multisilta, Tampere;Särkijärvi, Multisilta, Tampere;61.440997;23.768331;Ei siellä valtavasti asioita näkynyt, mutta kyllä uudestaan voisi;mix(21/0);air;0.21;0;idm392377936;idm392377936;;;;;mix(21/0);15;19956000;10041000;4.78;2500;;13231000;;;9.26;4.097;3400;Oli se sukellus. Ei erityisen hyvä, mutta hyvää reeniä. Kuivis floodasi;4;;
3.2.0;Subsurface Divelog;subsurface;Subsurface Team;http://subsurface-divelog.org/;3;;owner;;;88ef1a64;Suunto Vyper Air;Suunto Vyper Air;idm163612832;AS;allbase;Subsurface Divebase;1c6f1b2a;Särkijärvi, Multisilta, Tampere;Särkijärvi, Multisilta, Tampere;61.440997;23.768331;Ei siellä valtavasti asioita näkynyt, mutta kyllä uudestaan voisi;mix(21/0);air;0.21;0;idm392377936;idm392377936;;;;;mix(21/0);15;19956000;10041000;5.12;2520;;13189000;;;9.26;4.097;3400;Oli se sukellus. Ei erityisen hyvä, mutta hyvää reeniä. Kuivis floodasi;4;;
3.2.0;Subsurface Divelog;subsurface;Subsurface Team;http://subsurface-divelog.org/;3;;owner;;;88ef1a64;Suunto Vyper Air;Suunto Vyper Air;idm163612832;AS;allbase;Subsurface Divebase;1c6f1b2a;Särkijärvi, Multisilta, Tampere;Särkijärvi, Multisilta, Tampere;61.440997;23.768331;Ei siellä valtavasti asioita näkynyt, mutta kyllä uudestaan voisi;mix(21/0);air;0.21;0;idm392377936;idm392377936;;;;;mix(21/0);15;19956000;10041000;5.21;2540;;13118000;;;9.26;4.097;3400;Oli se sukellus. Ei erityisen hyvä, mutta hyvää reeniä. Kuivis floodasi;4;;
3.2.0;Subsurface Divelog;subsurface;Subsurface Team;http://subsurface-divelog.org/;3;;owner;;;88ef1a64;Suunto Vyper Air;Suunto Vyper Air;idm163612832;AS;allbase;Subsurface Divebase;1c6f1b2a;Särkijärvi, Multisilta, Tampere;Särkijärvi, Multisilta, Tampere;61.440997;23.768331;Ei siellä valtavasti asioita näkynyt, mutta kyllä uudestaan voisi;mix(21/0);air;0.21;0;idm392377936;idm392377936;;;;;mix(21/0);15;19956000;10041000;5.31;2560;;13112000;;;9.26;4.097;3400;Oli se sukellus. Ei erityisen hyvä, mutta hyvää reeniä. Kuivis floodasi;4;;
3.2.0;Subsurface Divelog;subsurface;Subsurface Team;http://subsurface-divelog.org/;3;;owner;;;88ef1a64;Suunto Vyper Air;Suunto Vyper Air;idm163612832;AS;allbase;Subsurface Divebase;1c6f1b2a;Särkijärvi, Multisilta, Tampere;Särkijärvi, Multisilta, Tampere;61.440997;23.768331;Ei siellä valtavasti asioita näkynyt, mutta kyllä uudestaan voisi;mix(21/0);air;0.21;0;idm392377936;idm392377936;;;;;mix(21/0);15;19956000;10041000;5.39;2580;;13019000;;;9.26;4.097;3400;Oli se sukellus. Ei erityisen hyvä, mutta hyvää reeniä. Kuivis floodasi;4;;
3.2.0;Subsurface Divelog;subsurface;Subsurface Team;http://subsurface-divelog.org/;3;;owner;;;88ef1a64;Suunto Vyper Air;Suunto Vyper Air;idm163612832;AS;allbase;Subsurface Divebase;1c6f1b2a;Särkijärvi, Multisilta, Tampere;Särkijärvi, Multisilta, Tampere;61.440997;23.768331;Ei siellä valtavasti asioita näkynyt, mutta kyllä uudestaan voisi;mix(21/0);air;0.21;0;idm392377936;idm392377936;;;;;mix(21/0);15;19956000;10041000;5.11;2600;;13010000;;;9.26;4.097;3400;Oli se sukellus. Ei erityisen hyvä, mutta hyvää reeniä. Kuivis floodasi;4;;
3.2.0;Subsurface Divelog;subsurface;Subsurface Team;http://subsurface-divelog.org/;3;;owner;;;88ef1a64;Suunto Vyper Air;Suunto Vyper Air;idm163612832;AS;allbase;Subsurface Divebase;1c6f1b2a;Särkijärvi, Multisilta, Tampere;Särkijärvi, Multisilta, Tampere;61.440997;23.768331;Ei siellä valtavasti asioita näkynyt, mutta kyllä uudestaan voisi;mix(21/0);air;0.21;0;idm392377936;idm392377936;;;;;mix(21/0);15;19956000;10041000;4.92;2620;;12933000;;;9.26;4.097;3400;Oli se sukellus. Ei erityisen hyvä, mutta hyvää reeniä. Kuivis floodasi;4;;
3.2.0;Subsurface Divelog;subsurface;Subsurface Team;http://subsurface-divelog.org/;3;;owner;;;88ef1a64;Suunto Vyper Air;Suunto Vyper Air;idm163612832;AS;allbase;Subsurface Divebase;1c6f1b2a;Särkijärvi, Multisilta, Tampere;Särkijärvi, Multisilta, Tampere;61.440997;23.768331;Ei siellä valtavasti asioita näkynyt, mutta kyllä uudestaan voisi;mix(21/0);air;0.21;0;idm392377936;idm392377936;;;;;mix(21/0);15;19956000;10041000;5.31;2640;;12908000;;;9.26;4.097;3400;Oli se sukellus. Ei erityisen hyvä, mutta hyvää reeniä. Kuivis floodasi;4;;
3.2.0;Subsurface Divelog;subsurface;Subsurface Team;http://subsurface-divelog.org/;3;;owner;;;88ef1a64;Suunto Vyper Air;Suunto Vyper Air;idm163612832;AS;allbase;Subsurface Divebase;1c6f1b2a;Särkijärvi, Multisilta, Tampere;Särkijärvi, Multisilta, Tampere;61.440997;23.768331;Ei siellä valtavasti asioita näkynyt, mutta kyllä uudestaan voisi;mix(21/0);air;0.21;0;idm392377936;idm392377936;;;;;mix(21/0);15;19956000;10041000;5.34;2660;;12832000;;;9.26;4.097;3400;Oli se sukellus. Ei erityisen hyvä, mutta hyvää reeniä. Kuivis floodasi;4;;
3.2.0;Subsurface Divelog;subsurface;Subsurface Team;http://subsurface-divelog.org/;3;;owner;;;88ef1a64;Suunto Vyper Air;Suunto Vyper Air;idm163612832;AS;allbase;Subsurface Divebase;1c6f1b2a;Särkijärvi, Multisilta, Tampere;Särkijärvi, Multisilta, Tampere;61.440997;23.768331;Ei siellä valtavasti asioita näkynyt, mutta kyllä uudestaan voisi;mix(21/0);air;0.21;0;idm392377936;idm392377936;;;;;mix(21/0);15;19956000;10041000;4.97;2680;;12756000;;;9.26;4.097;3400;Oli se sukellus. Ei erityisen hyvä, mutta hyvää reeniä. Kuivis floodasi;4;;
3.2.0;Subsurface Divelog;subsurface;Subsurface Team;http://subsurface-divelog.org/;3;;owner;;;88ef1a64;Suunto Vyper Air;Suunto Vyper Air;idm163612832;AS;allbase;Subsurface Divebase;1c6f1b2a;Särkijärvi, Multisilta, Tampere;Särkijärvi, Multisilta, Tampere;61.440997;23.768331;Ei siellä valtavasti asioita näkynyt, mutta kyllä uudestaan voisi;mix(21/0);air;0.21;0;idm392377936;idm392377936;;;;;mix(21/0);15;19956000;10041000;5.07;2700;;12684000;;;9.26;4.097;3400;Oli se sukellus. Ei erityisen hyvä, mutta hyvää reeniä. Kuivis floodasi;4;;
3.2.0;Subsurface Divelog;subsurface;Subsurface Team;http://subsurface-divelog.org/;3;;owner;;;88ef1a64;Suunto Vyper Air;Suunto Vyper Air;idm163612832;AS;allbase;Subsurface Divebase;1c6f1b2a;Särkijärvi, Multisilta, Tampere;Särkijärvi, Multisilta, Tampere;61.440997;23.768331;Ei siellä valtavasti asioita näkynyt, mutta kyllä uudestaan voisi;mix(21/0);air;0.21;0;idm392377936;idm392377936;;;;;mix(21/0);15;19956000;10041000;5.09;2720;;12626000;;;9.26;4.097;3400;Oli se sukellus. Ei erityisen hyvä, mutta hyvää reeniä. Kuivis floodasi;4;;
3.2.0;Subsurface Divelog;subsurface;Subsurface Team;http://subsurface-divelog.org/;3;;owner;;;88ef1a64;Suunto Vyper Air;Suunto Vyper Air;idm163612832;AS;allbase;Subsurface Divebase;1c6f1b2a;Särkijärvi, Multisilta, Tampere;Särkijärvi, Multisilta, Tampere;61.440997;23.768331;Ei siellä valtavasti asioita näkynyt, mutta kyllä uudestaan voisi;mix(21/0);air;0.21;0;idm392377936;idm392377936;;;;;mix(21/0);15;19956000;10041000;5.29;2740;;12526000;;;9.26;4.097;3400;Oli se sukellus. Ei erityisen hyvä, mutta hyvää reeniä. Kuivis floodasi;4;;
3.2.0;Subsurface Divelog;subsurface;Subsurface Team;http://subsurface-divelog.org/;3;;owner;;;88ef1a64;Suunto Vyper Air;Suunto Vyper Air;idm163612832;AS;allbase;Subsurface Divebase;1c6f1b2a;Särkijärvi, Multisilta, Tampere;Särkijärvi, Multisilta, Tampere;61.440997;23.768331;Ei siellä valtavasti asioita näkynyt, mutta kyllä uudestaan voisi;mix(21/0);air;0.21;0;idm392377936;idm392377936;;;;;mix(21/0);15;19956000;10041000;5.31;2760;;12524000;;;9.26;4.097;3400;Oli se sukellus. Ei erityisen hyvä, mutta hyvää reeniä. Kuivis floodasi;4;;
3.2.0;Subsurface Divelog;subsurface;Subsurface Team;http://subsurface-divelog.org/;3;;owner;;;88ef1a64;Suunto Vyper Air;Suunto Vyper Air;idm163612832;AS;allbase;Subsurface Divebase;1c6f1b2a;Särkijärvi, Multisilta, Tampere;Särkijärvi, Multisilta, Tampere;61.440997;23.768331;Ei siellä valtavasti asioita näkynyt, mutta kyllä uudestaan voisi;mix(21/0);air;0.21;0;idm392377936;idm392377936;;;;;mix(21/0);15;19956000;10041000;5.2;2780;;12472000;;;9.26;4.097;3400;Oli se sukellus. Ei erityisen hyvä, mutta hyvää reeniä. Kuivis floodasi;4;;
3.2.0;Subsurface Divelog;subsurface;Subsurface Team;http://subsurface-divelog.org/;3;;owner;;;88ef1a64;Suunto Vyper Air;Suunto Vyper Air;idm163612832;AS;allbase;Subsurface Divebase;1c6f1b2a;Särkijärvi, Multisilta, Tampere;Särkijärvi, Multisilta, Tampere;61.440997;23.768331;Ei siellä valtavasti asioita näkynyt, mutta kyllä uudestaan voisi;mix(21/0);air;0.21;0;idm392377936;idm392377936;;;;;mix(21/0);15;19956000;10041000;5.2;2800;;12397000;;;9.26;4.097;3400;Oli se sukellus. Ei erityisen hyvä, mutta hyvää reeniä. Kuivis floodasi;4;;
3.2.0;Subsurface Divelog;subsurface;Subsurface Team;http://subsurface-divelog.org/;3;;owner;;;88ef1a64;Suunto Vyper Air;Suunto Vyper Air;idm163612832;AS;allbase;Subsurface Divebase;1c6f1b2a;Särkijärvi, Multisilta, Tampere;Särkijärvi, Multisilta, Tampere;61.440997;23.768331;Ei siellä valtavasti asioita näkynyt, mutta kyllä uudestaan voisi;mix(21/0);air;0.21;0;idm392377936;idm392377936;;;;;mix(21/0);15;19956000;10041000;5.59;2820;;12370000;;;9.26;4.097;3400;Oli se sukellus. Ei erityisen hyvä, mutta hyvää reeniä. Kuivis floodasi;4;;
3.2.0;Subsurface Divelog;subsurface;Subsurface Team;http://subsurface-divelog.org/;3;;owner;;;88ef1a64;Suunto Vyper Air;Suunto Vyper Air;idm163612832;AS;allbase;Subsurface Divebase;1c6f1b2a;Särkijärvi, Multisilta, Tampere;Särkijärvi, Multisilta, Tampere;61.440997;23.768331;Ei siellä valtavasti asioita näkynyt, mutta kyllä uudestaan voisi;mix(21/0);air;0.21;0;idm392377936;idm392377936;;;;;mix(21/0);15;19956000;10041000;5.76;2840;;12296000;;;9.26;4.097;3400;Oli se sukellus. Ei erityisen hyvä, mutta hyvää reeniä. Kuivis floodasi;4;;
3.2.0;Subsurface Divelog;subsurface;Subsurface Team;http://subsurface-divelog.org/;3;;owner;;;88ef1a64;Suunto Vyper Air;Suunto Vyper Air;idm163612832;AS;allbase;Subsurface Divebase;1c6f1b2a;Särkijärvi, Multisilta, Tampere;Särkijärvi, Multisilta, Tampere;61.440997;23.768331;Ei siellä valtavasti asioita näkynyt, mutta kyllä uudestaan voisi;mix(21/0);air;0.21;0;idm392377936;idm392377936;;;;;mix(21/0);15;19956000;10041000;5.87;2860;;12246000;;;9.26;4.097;3400;Oli se sukellus. Ei erityisen hyvä, mutta hyvää reeniä. Kuivis floodasi;4;;
3.2.0;Subsurface Divelog;subsurface;Subsurface Team;http://subsurface-divelog.org/;3;;owner;;;88ef1a64;Suunto Vyper Air;Suunto Vyper Air;idm163612832;AS;allbase;Subsurface Divebase;1c6f1b2a;Särkijärvi, Multisilta, Tampere;Särkijärvi, Multisilta, Tampere;61.440997;23.768331;Ei siellä valtavasti asioita näkynyt, mutta kyllä uudestaan voisi;mix(21/0);air;0.21;0;idm392377936;idm392377936;;;;;mix(21/0);15;19956000;10041000;5.44;2880;;12191000;;;9.26;4.097;3400;Oli se sukellus. Ei erityisen hyvä, mutta hyvää reeniä. Kuivis floodasi;4;;
3.2.0;Subsurface Divelog;subsurface;Subsurface Team;http://subsurface-divelog.org/;3;;owner;;;88ef1a64;Suunto Vyper Air;Suunto Vyper Air;idm163612832;AS;allbase;Subsurface Divebase;1c6f1b2a;Särkijärvi, Multisilta, Tampere;Särkijärvi, Multisilta, Tampere;61.440997;23.768331;Ei siellä valtavasti asioita näkynyt, mutta kyllä uudestaan voisi;mix(21/0);air;0.21;0;idm392377936;idm392377936;;;;;mix(21/0);15;19956000;10041000;5.78;2900;;12130000;;;9.26;4.097;3400;Oli se sukellus. Ei erityisen hyvä, mutta hyvää reeniä. Kuivis floodasi;4;;
3.2.0;Subsurface Divelog;subsurface;Subsurface Team;http://subsurface-divelog.org/;3;;owner;;;88ef1a64;Suunto Vyper Air;Suunto Vyper Air;idm163612832;AS;allbase;Subsurface Divebase;1c6f1b2a;Särkijärvi, Multisilta, Tampere;Särkijärvi, Multisilta, Tampere;61.440997;23.768331;Ei siellä valtavasti asioita näkynyt, mutta kyllä uudestaan voisi;mix(21/0);air;0.21;0;idm392377936;idm392377936;;;;;mix(21/0);15;19956000;10041000;6.08;2920;;12079000;;;9.26;4.097;3400;Oli se sukellus. Ei erityisen hyvä, mutta hyvää reeniä. Kuivis floodasi;4;;
3.2.0;Subsurface Divelog;subsurface;Subsurface Team;http://subsurface-divelog.org/;3;;owner;;;88ef1a64;Suunto Vyper Air;Suunto Vyper Air;idm163612832;AS;allbase;Subsurface Divebase;1c6f1b2a;Särkijärvi, Multisilta, Tampere;Särkijärvi, Multisilta, Tampere;61.440997;23.768331;Ei siellä valtavasti asioita näkynyt, mutta kyllä uudestaan voisi;mix(21/0);air;0.21;0;idm392377936;idm392377936;;;;;mix(21/0);15;19956000;10041000;6.05;2940;;12010000;;;9.26;4.097;3400;Oli se sukellus. Ei erityisen hyvä, mutta hyvää reeniä. Kuivis floodasi;4;;
3.2.0;Subsurface Divelog;subsurface;Subsurface Team;http://subsurface-divelog.org/;3;;owner;;;88ef1a64;Suunto Vyper Air;Suunto Vyper Air;idm163612832;AS;allbase;Subsurface Divebase;1c6f1b2a;Särkijärvi, Multisilta, Tampere;Särkijärvi, Multisilta, Tampere;61.440997;23.768331;Ei siellä valtavasti asioita näkynyt, mutta kyllä uudestaan voisi;mix(21/0);air;0.21;0;idm392377936;idm392377936;;;;;mix(21/0);15;19956000;10041000;5.82;2960;;11986000;;;9.26;4.097;3400;Oli se sukellus. Ei erityisen hyvä, mutta hyvää reeniä. Kuivis floodasi;4;;
3.2.0;Subsurface Divelog;subsurface;Subsurface Team;http://subsurface-divelog.org/;3;;owner;;;88ef1a64;Suunto Vyper Air;Suunto Vyper Air;idm163612832;AS;allbase;Subsurface Divebase;1c6f1b2a;Särkijärvi, Multisilta, Tampere;Särkijärvi, Multisilta, Tampere;61.440997;23.768331;Ei siellä valtavasti asioita näkynyt, mutta kyllä uudestaan voisi;mix(21/0);air;0.21;0;idm392377936;idm392377936;;;;;mix(21/0);15;19956000;10041000;6.16;2980;;11920000;;;9.26;4.097;3400;Oli se sukellus. Ei erityisen hyvä, mutta hyvää reeniä. Kuivis floodasi;4;;
3.2.0;Subsurface Divelog;subsurface;Subsurface Team;http://subsurface-divelog.org/;3;;owner;;;88ef1a64;Suunto Vyper Air;Suunto Vyper Air;idm163612832;AS;allbase;Subsurface Divebase;1c6f1b2a;Särkijärvi, Multisilta, Tampere;Särkijärvi, Multisilta, Tampere;61.440997;23.768331;Ei siellä valtavasti asioita näkynyt, mutta kyllä uudestaan voisi;mix(21/0);air;0.21;0;idm392377936;idm392377936;;;;;mix(21/0);15;19956000;10041000;6.31;3000;;11859000;290.15;;9.26;4.097;3400;Oli se sukellus. Ei erityisen hyvä, mutta hyvää reeniä. Kuivis floodasi;4;;
3.2.0;Subsurface Divelog;subsurface;Subsurface Team;http://subsurface-divelog.org/;3;;owner;;;88ef1a64;Suunto Vyper Air;Suunto Vyper Air;idm163612832;AS;allbase;Subsurface Divebase;1c6f1b2a;Särkijärvi, Multisilta, Tampere;Särkijärvi, Multisilta, Tampere;61.440997;23.768331;Ei siellä valtavasti asioita näkynyt, mutta kyllä uudestaan voisi;mix(21/0);air;0.21;0;idm392377936;idm392377936;;;;;mix(21/0);15;19956000;10041000;6.45;3020;;11789000;;;9.26;4.097;3400;Oli se sukellus. Ei erityisen hyvä, mutta hyvää reeniä. Kuivis floodasi;4;;
3.2.0;Subsurface Divelog;subsurface;Subsurface Team;http://subsurface-divelog.org/;3;;owner;;;88ef1a64;Suunto Vyper Air;Suunto Vyper Air;idm163612832;AS;allbase;Subsurface Divebase;1c6f1b2a;Särkijärvi, Multisilta, Tampere;Särkijärvi, Multisilta, Tampere;61.440997;23.768331;Ei siellä valtavasti asioita näkynyt, mutta kyllä uudestaan voisi;mix(21/0);air;0.21;0;idm392377936;idm392377936;;;;;mix(21/0);15;19956000;10041000;6.55;3040;;11718000;;;9.26;4.097;3400;Oli se sukellus. Ei erityisen hyvä, mutta hyvää reeniä. Kuivis floodasi;4;;
3.2.0;Subsurface Divelog;subsurface;Subsurface Team;http://subsurface-divelog.org/;3;;owner;;;88ef1a64;Suunto Vyper Air;Suunto Vyper Air;idm163612832;AS;allbase;Subsurface Divebase;1c6f1b2a;Särkijärvi, Multisilta, Tampere;Särkijärvi, Multisilta, Tampere;61.440997;23.768331;Ei siellä valtavasti asioita näkynyt, mutta kyllä uudestaan voisi;mix(21/0);air;0.21;0;idm392377936;idm392377936;;;;;mix(21/0);15;19956000;10041000;6.43;3060;;11653000;;;9.26;4.097;3400;Oli se sukellus. Ei erityisen hyvä, mutta hyvää reeniä. Kuivis floodasi;4;;
3.2.0;Subsurface Divelog;subsurface;Subsurface Team;http://subsurface-divelog.org/;3;;owner;;;88ef1a64;Suunto Vyper Air;Suunto Vyper Air;idm163612832;AS;allbase;Subsurface Divebase;1c6f1b2a;Särkijärvi, Multisilta, Tampere;Särkijärvi, Multisilta, Tampere;61.440997;23.768331;Ei siellä valtavasti asioita näkynyt, mutta kyllä uudestaan voisi;mix(21/0);air;0.21;0;idm392377936;idm392377936;;;;;mix(21/0);15;19956000;10041000;6.76;3080;;11576000;;;9.26;4.097;3400;Oli se sukellus. Ei erityisen hyvä, mutta hyvää reeniä. Kuivis floodasi;4;;
3.2.0;Subsurface Divelog;subsurface;Subsurface Team;http://subsurface-divelog.org/;3;;owner;;;88ef1a64;Suunto Vyper Air;Suunto Vyper Air;idm163612832;AS;allbase;Subsurface Divebase;1c6f1b2a;Särkijärvi, Multisilta, Tampere;Särkijärvi, Multisilta, Tampere;61.440997;23.768331;Ei siellä valtavasti asioita näkynyt, mutta kyllä uudestaan voisi;mix(21/0);air;0.21;0;idm392377936;idm392377936;;;;;mix(21/0);15;19956000;10041000;7.13;3100;;11479000;288.15;;9.26;4.097;3400;Oli se sukellus. Ei erityisen hyvä, mutta hyvää reeniä. Kuivis floodasi;4;;
3.2.0;Subsurface Divelog;subsurface;Subsurface Team;http://subsurface-divelog.org/;3;;owner;;;88ef1a64;Suunto Vyper Air;Suunto Vyper Air;idm163612832;AS;allbase;Subsurface Divebase;1c6f1b2a;Särkijärvi, Multisilta, Tampere;Särkijärvi, Multisilta, Tampere;61.440997;23.768331;Ei siellä valtavasti asioita näkynyt, mutta kyllä uudestaan voisi;mix(21/0);air;0.21;0;idm392377936;idm392377936;;;;;mix(21/0);15;19956000;10041000;7.49;3120;;;;;9.26;4.097;3400;Oli se sukellus. Ei erityisen hyvä, mutta hyvää reeniä. Kuivis floodasi;4;;
3.2.0;Subsurface Divelog;subsurface;Subsurface Team;http://subsurface-divelog.org/;3;;owner;;;88ef1a64;Suunto Vyper Air;Suunto Vyper Air;idm163612832;AS;allbase;Subsurface Divebase;1c6f1b2a;Särkijärvi, Multisilta, Tampere;Särkijärvi, Multisilta, Tampere;61.440997;23.768331;Ei siellä valtavasti asioita näkynyt, mutta kyllä uudestaan voisi;mix(21/0);air;0.21;0;idm392377936;idm392377936;;;;;mix(21/0);15;19956000;10041000;7.86;3140;;11223000;;;9.26;4.097;3400;Oli se sukellus. Ei erityisen hyvä, mutta hyvää reeniä. Kuivis floodasi;4;;
3.2.0;Subsurface Divelog;subsurface;Subsurface Team;http://subsurface-divelog.org/;3;;owner;;;88ef1a64;Suunto Vyper Air;Suunto Vyper Air;idm163612832;AS;allbase;Subsurface Divebase;1c6f1b2a;Särkijärvi, Multisilta, Tampere;Särkijärvi, Multisilta, Tampere;61.440997;23.768331;Ei siellä valtavasti asioita näkynyt, mutta kyllä uudestaan voisi;mix(21/0);air;0.21;0;idm392377936;idm392377936;;;;;mix(21/0);15;19956000;10041000;8.21;3160;;11218000;;;9.26;4.097;3400;Oli se sukellus. Ei erityisen hyvä, mutta hyvää reeniä. Kuivis floodasi;4;;
3.2.0;Subsurface Divelog;subsurface;Subsurface Team;http://subsurface-divelog.org/;3;;owner;;;88ef1a64;Suunto Vyper Air;Suunto Vyper Air;idm163612832;AS;allbase;Subsurface Divebase;1c6f1b2a;Särkijärvi, Multisilta, Tampere;Särkijärvi, Multisilta, Tampere;61.440997;23.768331;Ei siellä valtavasti asioita näkynyt, mutta kyllä uudestaan voisi;mix(21/0);air;0.21;0;idm392377936;idm392377936;;;;;mix(21/0);15;19956000;10041000;7.78;3180;;11121000;;;9.26;4.097;3400;Oli se sukellus. Ei erityisen hyvä, mutta hyvää reeniä. Kuivis floodasi;4;;
3.2.0;Subsurface Divelog;subsurface;Subsurface Team;http://subsurface-divelog.org/;3;;owner;;;88ef1a64;Suunto Vyper Air;Suunto Vyper Air;idm163612832;AS;allbase;Subsurface Divebase;1c6f1b2a;Särkijärvi, Multisilta, Tampere;Särkijärvi, Multisilta, Tampere;61.440997;23.768331;Ei siellä valtavasti asioita näkynyt, mutta kyllä uudestaan voisi;mix(21/0);air;0.21;0;idm392377936;idm392377936;;;;;mix(21/0);15;19956000;10041000;8.95;3200;;11006000;285.15;;9.26;4.097;3400;Oli se sukellus. Ei erityisen hyvä, mutta hyvää reeniä. Kuivis floodasi;4;;
3.2.0;Subsurface Divelog;subsurface;Subsurface Team;http://subsurface-divelog.org/;3;;owner;;;88ef1a64;Suunto Vyper Air;Suunto Vyper Air;idm163612832;AS;allbase;Subsurface Divebase;1c6f1b2a;Särkijärvi, Multisilta, Tampere;Särkijärvi, Multisilta, Tampere;61.440997;23.768331;Ei siellä valtavasti asioita näkynyt, mutta kyllä uudestaan voisi;mix(21/0);air;0.21;0;idm392377936;idm392377936;;;;;mix(21/0);15;19956000;10041000;9.04;3220;;10912000;;;9.26;4.097;3400;Oli se sukellus. Ei erityisen hyvä, mutta hyvää reeniä. Kuivis floodasi;4;;
3.2.0;Subsurface Divelog;subsurface;Subsurface Team;http://subsurface-divelog.org/;3;;owner;;;88ef1a64;Suunto Vyper Air;Suunto Vyper Air;idm163612832;AS;allbase;Subsurface Divebase;1c6f1b2a;Särkijärvi, Multisilta, Tampere;Särkijärvi, Multisilta, Tampere;61.440997;23.768331;Ei siellä valtavasti asioita näkynyt, mutta kyllä uudestaan voisi;mix(21/0);air;0.21;0;idm392377936;idm392377936;;;;;mix(21/0);15;19956000;10041000;8.09;3240;;10692000;;;9.26;4.097;3400;Oli se sukellus. Ei erityisen hyvä, mutta hyvää reeniä. Kuivis floodasi;4;;
3.2.0;Subsurface Divelog;subsurface;Subsurface Team;http://subsurface-divelog.org/;3;;owner;;;88ef1a64;Suunto Vyper Air;Suunto Vyper Air;idm163612832;AS;allbase;Subsurface Divebase;1c6f1b2a;Särkijärvi, Multisilta, Tampere;Särkijärvi, Multisilta, Tampere;61.440997;23.768331;Ei siellä valtavasti asioita näkynyt, mutta kyllä uudestaan voisi;mix(21/0);air;0.21;0;idm392377936;idm392377936;;;;;mix(21/0);15;19956000;10041000;8.64;3260;;10531000;;;9.26;4.097;3400;Oli se sukellus. Ei erityisen hyvä, mutta hyvää reeniä. Kuivis floodasi;4;;
3.2.0;Subsurface Divelog;subsurface;Subsurface Team;http://subsurface-divelog.org/;3;;owner;;;88ef1a64;Suunto Vyper Air;Suunto Vyper Air;idm163612832;AS;allbase;Subsurface Divebase;1c6f1b2a;Särkijärvi, Multisilta, Tampere;Särkijärvi, Multisilta, Tampere;61.440997;23.768331;Ei siellä valtavasti asioita näkynyt, mutta kyllä uudestaan voisi;mix(21/0);air;0.21;0;idm392377936;idm392377936;;;;;mix(21/0);15;19956000;10041000;8.08;3280;;10411000;;;9.26;4.097;3400;Oli se sukellus. Ei erityisen hyvä, mutta hyvää reeniä. Kuivis floodasi;4;;
3.2.0;Subsurface Divelog;subsurface;Subsurface Team;http://subsurface-divelog.org/;3;;owner;;;88ef1a64;Suunto Vyper Air;Suunto Vyper Air;idm163612832;AS;allbase;Subsurface Divebase;1c6f1b2a;Särkijärvi, Multisilta, Tampere;Särkijärvi, Multisilta, Tampere;61.440997;23.768331;Ei siellä valtavasti asioita näkynyt, mutta kyllä uudestaan voisi;mix(21/0);air;0.21;0;idm392377936;idm392377936;;;;;mix(21/0);15;19956000;10041000;6.27;3294;;;;ascent;9.26;4.097;3400;Oli se sukellus. Ei erityisen hyvä, mutta hyvää reeniä. Kuivis floodasi;4;;
3.2.0;Subsurface Divelog;subsurface;Subsurface Team;http://subsurface-divelog.org/;3;;owner;;;88ef1a64;Suunto Vyper Air;Suunto Vyper Air;idm163612832;AS;allbase;Subsurface Divebase;1c6f1b2a;Särkijärvi, Multisilta, Tampere;Särkijärvi, Multisilta, Tampere;61.440997;23.768331;Ei siellä valtavasti asioita näkynyt, mutta kyllä uudestaan voisi;mix(21/0);air;0.21;0;idm392377936;idm392377936;;;;;mix(21/0);15;19956000;10041000;6.01;3296;;;;ascent;9.26;4.097;3400;Oli se sukellus. Ei erityisen hyvä, mutta hyvää reeniä. Kuivis floodasi;4;;
3.2.0;Subsurface Divelog;subsurface;Subsurface Team;http://subsurface-divelog.org/;3;;owner;;;88ef1a64;Suunto Vyper Air;Suunto Vyper Air;idm163612832;AS;allbase;Subsurface Divebase;1c6f1b2a;Särkijärvi, Multisilta, Tampere;Särkijärvi, Multisilta, Tampere;61.440997;23.768331;Ei siellä valtavasti asioita näkynyt, mutta kyllä uudestaan voisi;mix(21/0);air;0.21;0;idm392377936;idm392377936;;;;;mix(21/0);15;19956000;10041000;5.49;3300;;10407000;283.15;;9.26;4.097;3400;Oli se sukellus. Ei erityisen hyvä, mutta hyvää reeniä. Kuivis floodasi;4;;
3.2.0;Subsurface Divelog;subsurface;Subsurface Team;http://subsurface-divelog.org/;3;;owner;;;88ef1a64;Suunto Vyper Air;Suunto Vyper Air;idm163612832;AS;allbase;Subsurface Divebase;1c6f1b2a;Särkijärvi, Multisilta, Tampere;Särkijärvi, Multisilta, Tampere;61.440997;23.768331;Ei siellä valtavasti asioita näkynyt, mutta kyllä uudestaan voisi;mix(21/0);air;0.21;0;idm392377936;idm392377936;;;;;mix(21/0);15;19956000;10041000;6.24;3320;;;;;9.26;4.097;3400;Oli se sukellus. Ei erityisen hyvä, mutta hyvää reeniä. Kuivis floodasi;4;;
3.2.0;Subsurface Divelog;subsurface;Subsurface Team;http://subsurface-divelog.org/;3;;owner;;;88ef1a64;Suunto Vyper Air;Suunto Vyper Air;idm163612832;AS;allbase;Subsurface Divebase;1c6f1b2a;Särkijärvi, Multisilta, Tampere;Särkijärvi, Multisilta, Tampere;61.440997;23.768331;Ei siellä valtavasti asioita näkynyt, mutta kyllä uudestaan voisi;mix(21/0);air;0.21;0;idm392377936;idm392377936;;;;;mix(21/0);15;19956000;10041000;6;3340;;10402000;;;9.26;4.097;3400;Oli se sukellus. Ei erityisen hyvä, mutta hyvää reeniä. Kuivis floodasi;4;;
3.2.0;Subsurface Divelog;subsurface;Subsurface Team;http://subsurface-divelog.org/;3;;owner;;;88ef1a64;Suunto Vyper Air;Suunto Vyper Air;idm163612832;AS;allbase;Subsurface Divebase;1c6f1b2a;Särkijärvi, Multisilta, Tampere;Särkijärvi, Multisilta, Tampere;61.440997;23.768331;Ei siellä valtavasti asioita näkynyt, mutta kyllä uudestaan voisi;mix(21/0);air;0.21;0;idm392377936;idm392377936;;;;;mix(21/0);15;19956000;10041000;5.75;3360;;;;;9.26;4.097;3400;Oli se sukellus. Ei erityisen hyvä, mutta hyvää reeniä. Kuivis floodasi;4;;
3.2.0;Subsurface Divelog;subsurface;Subsurface Team;http://subsurface-divelog.org/;3;;owner;;;88ef1a64;Suunto Vyper Air;Suunto Vyper Air;idm163612832;AS;allbase;Subsurface Divebase;1c6f1b2a;Särkijärvi, Multisilta, Tampere;Särkijärvi, Multisilta, Tampere;61.440997;23.768331;Ei siellä valtavasti asioita näkynyt, mutta kyllä uudestaan voisi;mix(21/0);air;0.21;0;idm392377936;idm392377936;;;;;mix(21/0);15;19956000;10041000;4.47;3380;;10069000;;;9.26;4.097;3400;Oli se sukellus. Ei erityisen hyvä, mutta hyvää reeniä. Kuivis floodasi;4;;
3.2.0;Subsurface Divelog;subsurface;Subsurface Team;http://subsurface-divelog.org/;3;;owner;;;88ef1a64;Suunto Vyper Air;Suunto Vyper Air;idm163612832;AS;allbase;Subsurface Divebase;1c6f1b2a;Särkijärvi, Multisilta, Tampere;Särkijärvi, Multisilta, Tampere;61.440997;23.768331;Ei siellä valtavasti asioita näkynyt, mutta kyllä uudestaan voisi;mix(21/0);air;0.21;0;idm392377936;idm392377936;;;;;mix(21/0);15;19956000;10041000;4.33;3400;;10041000;287.15;;9.26;4.097;3400;Oli se sukellus. Ei erityisen hyvä, mutta hyvää reeniä. Kuivis floodasi;4;;
3.2.0;Subsurface Divelog;subsurface;Subsurface Team;http://subsurface-divelog.org/;3;;owner;;;88ef1a64;Suunto Vyper Air;Suunto Vyper Air;idm163612832;AS;allbase;Subsurface Divebase;1c6f1b2a;Särkijärvi, Multisilta, Tampere;Särkijärvi, Multisilta, Tampere;61.440997;23.768331;Ei siellä valtavasti asioita näkynyt, mutta kyllä uudestaan voisi;mix(21/0);air;0.21;0;idm392377936;idm392377936;;;;;mix(21/0);15;19956000;10041000;4.35;3415;;;;surface;9.26;4.097;3400;Oli se sukellus. Ei erityisen hyvä, mutta hyvää reeniä. Kuivis floodasi;4;;
